Date,Bourbon,Year,Month,Day,Weekday,Multi,Blantons,Closed,Eagle Rare,Oak,Sazerac,Taylor,Weller,Blantons_time,Closed_time,Eagle Rare_time,Oak_time,Sazerac_time,Taylor_time,Weller_time,temp
2020-12-01,Eagle Rare,2020,12,1,1,0,0,0,1,0,0,0,0,1,1,0,1,1,1,1,30.02
2020-12-02,Taylor,2020,12,2,2,0,0,0,0,0,0,1,0,2,2,1,2,2,0,2,30.02
2020-12-03,Blantons,2020,12,3,3,0,1,0,0,0,0,0,0,0,3,2,3,3,1,3,33.44
2020-12-04,Oak,2020,12,4,4,0,0,0,0,1,0,0,0,1,4,3,0,4,2,4,42.980000000000004
2020-12-05,Eagle Rare,2020,12,5,5,0,0,0,1,0,0,0,0,2,5,0,1,5,3,5,37.04
2020-12-06,Blantons,2020,12,6,6,0,1,0,0,0,0,0,0,0,6,1,2,6,4,6,35.06
2020-12-07,Taylor,2020,12,7,0,0,0,0,0,0,0,1,0,1,7,2,3,7,0,7,34.34
2020-12-08,Blantons,2020,12,8,1,0,1,0,0,0,0,0,0,0,8,3,4,8,1,8,30.38
2020-12-09,Taylor,2020,12,9,2,0,0,0,0,0,0,1,0,1,9,4,5,9,0,9,41.9
2020-12-10,Weller,2020,12,10,3,0,0,0,0,0,0,0,1,2,10,5,6,10,1,0,42.620000000000005
2020-12-11,Weller,2020,12,11,4,0,0,0,0,0,0,0,1,3,11,6,7,11,2,0,52.52
2020-12-12,Blantons,2020,12,12,5,0,1,0,0,0,0,0,0,0,12,7,8,12,3,1,56.3
2020-12-13,Oak,2020,12,13,6,0,0,0,0,1,0,0,0,1,13,8,0,13,4,2,41.36
2020-12-14,Eagle Rare,2020,12,14,0,0,0,0,1,0,0,0,0,2,14,0,1,14,5,3,36.32
2020-12-15,Blantons,2020,12,15,1,0,1,0,0,0,0,0,0,0,15,1,2,15,6,4,31.64
2020-12-16,Eagle Rare,2020,12,16,2,0,0,0,1,0,0,0,0,1,16,0,3,16,7,5,35.6
2020-12-17,Weller,2020,12,17,3,0,0,0,0,0,0,0,1,2,17,1,4,17,8,0,32.72
2020-12-18,Taylor,2020,12,18,4,0,0,0,0,0,0,1,0,3,18,2,5,18,0,1,32.0
2020-12-19,Weller,2020,12,19,5,0,0,0,0,0,0,0,1,4,19,3,6,19,1,0,38.12
2020-12-20,Blantons,2020,12,20,6,0,1,0,0,0,0,0,0,0,20,4,7,20,2,1,40.1
2020-12-21,Blantons,2020,12,21,0,0,1,0,0,0,0,0,0,0,21,5,8,21,3,2,41.36
2020-12-22,Eagle Rare,2020,12,22,1,0,0,0,1,0,0,0,0,1,22,0,9,22,4,3,40.1
2020-12-23,Taylor,2020,12,23,2,0,0,0,0,0,0,1,0,2,23,1,10,23,0,4,45.86
2020-12-24,Blantons,2020,12,24,3,0,1,0,0,0,0,0,0,0,24,2,11,24,1,5,33.8
2020-12-25,Closed,2020,12,25,4,0,0,1,0,0,0,0,0,1,0,3,12,25,2,6,17.06
2020-12-26,Weller,2020,12,26,5,0,0,0,0,0,0,0,1,2,1,4,13,26,3,0,24.26
2020-12-27,Oak,2020,12,27,6,0,0,0,0,1,0,0,0,3,2,5,0,27,4,1,41.72
2020-12-28,Taylor,2020,12,28,0,0,0,0,0,0,0,1,0,4,3,6,1,28,0,2,42.260000000000005
2020-12-29,Taylor,2020,12,29,1,0,0,0,0,0,0,1,0,5,4,7,2,29,0,3,33.26
2020-12-30,Eagle Rare,2020,12,30,2,0,0,0,1,0,0,0,0,6,5,0,3,30,1,4,47.120000000000005
2020-12-31,Blantons,2020,12,31,3,0,1,0,0,0,0,0,0,0,6,1,4,31,2,5,35.06
2021-01-01,Closed,2021,1,1,4,0,0,1,0,0,0,0,0,1,0,2,5,32,3,6,46.04
2021-01-02,Weller,2021,1,2,5,0,0,0,0,0,0,0,1,2,1,3,6,33,4,0,42.260000000000005
2021-01-03,Oak,2021,1,3,6,1,0,0,0,1,0,0,1,3,2,4,0,34,5,0,39.02
2021-01-04,Weller,2021,1,4,0,1,1,0,0,0,0,0,1,0,3,5,1,35,6,0,36.68
2021-01-05,Blantons,2021,1,5,1,1,1,0,0,0,0,0,1,0,4,6,2,36,7,0,36.5
2021-01-06,Eagle Rare,2021,1,6,2,0,0,0,1,0,0,0,0,1,5,0,3,37,8,1,36.14
2021-01-07,Taylor,2021,1,7,3,0,0,0,0,0,0,1,0,2,6,1,4,38,0,2,36.86
2021-01-08,Weller,2021,1,8,4,1,0,0,1,0,0,0,1,3,7,0,5,39,1,0,32.9
2021-01-09,Taylor,2021,1,9,5,0,0,0,0,0,0,1,0,4,8,1,6,40,0,1,30.92
2021-01-10,Blantons,2021,1,10,6,0,1,0,0,0,0,0,0,0,9,2,7,41,1,2,27.14
2021-01-11,Taylor,2021,1,11,0,0,0,0,0,0,0,1,0,1,10,3,8,42,0,3,27.14
2021-01-12,Eagle Rare,2021,1,12,1,0,0,0,1,0,0,0,0,2,11,0,9,43,1,4,28.4
2021-01-13,Weller,2021,1,13,2,0,0,0,0,0,0,0,1,3,12,1,10,44,2,0,35.6
2021-01-14,Blantons,2021,1,14,3,0,1,0,0,0,0,0,0,0,13,2,11,45,3,1,41.9
2021-01-15,Weller,2021,1,15,4,0,0,0,0,0,0,0,1,1,14,3,12,46,4,0,40.1
2021-01-16,Taylor,2021,1,16,5,0,0,0,0,0,0,1,0,2,15,4,13,47,0,1,33.08
2021-01-17,Blantons,2021,1,17,6,0,1,0,0,0,0,0,0,0,16,5,14,48,1,2,33.98
2021-01-18,Weller,2021,1,18,0,1,0,0,1,0,0,0,1,1,17,0,15,49,2,0,32.54
2021-01-19,Blantons,2021,1,19,1,0,1,0,0,0,0,0,0,0,18,1,16,50,3,1,38.839999999999996
2021-01-20,Taylor,2021,1,20,2,0,0,0,0,0,0,1,0,1,19,2,17,51,0,2,34.16
2021-01-21,Weller,2021,1,21,3,0,0,0,0,0,0,0,1,2,20,3,18,52,1,0,41.36
2021-01-22,Blantons,2021,1,22,4,0,1,0,0,0,0,0,0,0,21,4,19,53,2,1,34.16
2021-01-23,Weller,2021,1,23,5,0,0,0,0,0,0,0,1,1,22,5,20,54,3,0,27.14
2021-01-24,Taylor,2021,1,24,6,0,0,0,0,0,0,1,0,2,23,6,21,55,0,1,34.7
2021-01-25,Blantons,2021,1,25,0,0,1,0,0,0,0,0,0,0,24,7,22,56,1,2,38.3
2021-01-26,Eagle Rare,2021,1,26,1,0,0,0,1,0,0,0,0,1,25,0,23,57,2,3,44.42
2021-01-27,Weller,2021,1,27,2,0,0,0,0,0,0,0,1,2,26,1,24,58,3,0,34.34
2021-01-28,Blantons,2021,1,28,3,0,1,0,0,0,0,0,0,0,27,2,25,59,4,1,24.62
2021-01-29,Taylor,2021,1,29,4,0,0,0,0,0,0,1,0,1,28,3,26,60,0,2,23.0
2021-01-30,Weller,2021,1,30,5,0,0,0,0,0,0,0,1,2,29,4,27,61,1,0,31.64
2021-01-31,Taylor,2021,1,31,6,0,0,0,0,0,0,1,0,3,30,5,28,62,0,1,40.82
2021-02-01,Eagle Rare,2021,2,1,0,0,0,0,1,0,0,0,0,4,31,0,29,63,1,2,30.74
2021-02-02,Blantons,2021,2,2,1,0,1,0,0,0,0,0,0,0,32,1,30,64,2,3,29.66
2021-02-03,Weller,2021,2,3,2,0,0,0,0,0,0,0,1,1,33,2,31,65,3,0,31.46
2021-02-04,Blantons,2021,2,4,3,0,1,0,0,0,0,0,0,0,34,3,32,66,4,1,33.26
2021-02-05,Taylor,2021,2,5,4,0,0,0,0,0,0,1,0,1,35,4,33,67,0,2,35.42
2021-02-06,Eagle Rare,2021,2,6,5,0,0,0,1,0,0,0,0,2,36,0,34,68,1,3,34.34
2021-02-07,Weller,2021,2,7,6,0,0,0,0,0,0,0,1,3,37,1,35,69,2,0,26.96
2021-02-08,Weller,2021,2,8,0,0,0,0,0,0,0,0,1,4,38,2,36,70,3,0,29.12
2021-02-09,Blantons,2021,2,9,1,0,1,0,0,0,0,0,0,0,39,3,37,71,4,1,33.44
2021-02-10,Taylor,2021,2,10,2,0,0,0,0,0,0,1,0,1,40,4,38,72,0,2,29.48
2021-02-11,Eagle Rare,2021,2,11,3,0,0,0,1,0,0,0,0,2,41,0,39,73,1,3,25.16
2021-02-12,Weller,2021,2,12,4,0,0,0,0,0,0,0,1,3,42,1,40,74,2,0,26.240000000000002
2021-02-13,Taylor,2021,2,13,5,0,0,0,0,0,0,1,0,4,43,2,41,75,0,1,27.5
2021-02-14,Blantons,2021,2,14,6,0,1,0,0,0,0,0,0,0,44,3,42,76,1,2,26.060000000000002
2021-02-15,Weller,2021,2,15,0,0,0,0,0,0,0,0,1,1,45,4,43,77,2,0,22.28
2021-02-16,Eagle Rare,2021,2,16,1,0,0,0,1,0,0,0,0,2,46,0,44,78,3,1,14.18
2021-02-17,Eagle Rare,2021,2,17,2,0,0,0,1,0,0,0,0,3,47,0,45,79,4,2,15.979999999999997
2021-02-18,Taylor,2021,2,18,3,0,0,0,0,0,0,1,0,4,48,1,46,80,0,3,26.6
2021-02-19,Blantons,2021,2,19,4,0,1,0,0,0,0,0,0,0,49,2,47,81,1,4,23.54
2021-02-20,Weller,2021,2,20,5,0,0,0,0,0,0,0,1,1,50,3,48,82,2,0,18.86
2021-02-21,Blantons,2021,2,21,6,0,1,0,0,0,0,0,0,0,51,4,49,83,3,1,28.94
2021-02-22,Weller,2021,2,22,0,0,0,0,0,0,0,0,1,1,52,5,50,84,4,0,40.64
2021-02-23,Blantons,2021,2,23,1,0,1,0,0,0,0,0,0,0,53,6,51,85,5,1,44.96
2021-02-24,Taylor,2021,2,24,2,0,0,0,0,0,0,1,0,1,54,7,52,86,0,2,51.26
2021-02-25,Eagle Rare,2021,2,25,3,0,0,0,1,0,0,0,0,2,55,0,53,87,1,3,41.72
2021-02-26,Blantons,2021,2,26,4,0,1,0,0,0,0,0,0,0,56,1,54,88,2,4,38.839999999999996
2021-02-27,Weller,2021,2,27,5,0,0,0,0,0,0,0,1,1,57,2,55,89,3,0,50.72
2021-02-28,Weller,2021,2,28,6,0,0,0,0,0,0,0,1,2,58,3,56,90,4,0,60.08
2021-03-01,Blantons,2021,3,1,0,0,1,0,0,0,0,0,0,0,59,4,57,91,5,1,43.7
2021-03-02,Closed,2021,3,2,1,0,0,1,0,0,0,0,0,1,0,5,58,92,6,2,35.24
2021-03-03,Closed,2021,3,3,2,0,0,1,0,0,0,0,0,2,0,6,59,93,7,3,41.9
2021-03-04,Closed,2021,3,4,3,0,0,1,0,0,0,0,0,3,0,7,60,94,8,4,44.78
2021-03-05,Closed,2021,3,5,4,0,0,1,0,0,0,0,0,4,0,8,61,95,9,5,35.6
2021-03-06,Closed,2021,3,6,5,0,0,1,0,0,0,0,0,5,0,9,62,96,10,6,37.22
2021-03-07,Closed,2021,3,7,6,0,0,1,0,0,0,0,0,6,0,10,63,97,11,7,38.12
2021-03-08,Taylor,2021,3,8,0,0,0,0,0,0,0,1,0,7,1,11,64,98,0,8,43.7
2021-03-09,Eagle Rare,2021,3,9,1,0,0,0,1,0,0,0,0,8,2,0,65,99,1,9,49.82
2021-03-10,Weller,2021,3,10,2,0,0,0,0,0,0,0,1,9,3,1,66,100,2,0,57.56
2021-03-11,Blantons,2021,3,11,3,0,1,0,0,0,0,0,0,0,4,2,67,101,3,1,62.24
2021-03-12,Weller,2021,3,12,4,0,0,0,0,0,0,0,1,1,5,3,68,102,4,0,55.58
2021-03-13,Taylor,2021,3,13,5,0,0,0,0,0,0,1,0,2,6,4,69,103,0,1,50.9
2021-03-14,Eagle Rare,2021,3,14,6,0,0,0,1,0,0,0,0,3,7,0,70,104,1,2,43.16
2021-03-15,Taylor,2021,3,15,0,0,0,0,0,0,0,1,0,4,8,1,71,105,0,3,42.08
2021-03-16,Weller,2021,3,16,1,0,0,0,0,0,0,0,1,5,9,2,72,106,1,0,53.42
2021-03-17,Blantons,2021,3,17,2,0,1,0,0,0,0,0,0,0,10,3,73,107,2,1,52.34
2021-03-18,Weller,2021,3,18,3,0,0,0,0,0,0,0,1,1,11,4,74,108,3,0,58.28
2021-03-19,Taylor,2021,3,19,4,0,0,0,0,0,0,1,0,2,12,5,75,109,0,1,44.78
2021-03-20,Eagle Rare,2021,3,20,5,0,0,0,1,0,0,0,0,3,13,0,76,110,1,2,45.32
2021-03-21,Blantons,2021,3,21,6,1,1,0,1,0,0,0,0,0,14,0,77,111,2,3,48.02
2021-03-22,Blantons,2021,3,22,0,0,1,0,0,0,0,0,0,0,15,1,78,112,3,4,53.6
2021-03-23,Eagle Rare,2021,3,23,1,0,0,0,1,0,0,0,0,1,16,0,79,113,4,5,59.0
2021-03-24,Taylor,2021,3,24,2,0,0,0,0,0,0,1,0,2,17,1,80,114,0,6,65.66
2021-03-25,Taylor,2021,3,25,3,0,0,0,0,0,0,1,0,3,18,2,81,115,0,7,58.459999999999994
2021-03-26,Weller,2021,3,26,4,0,0,0,0,0,0,0,1,4,19,3,82,116,1,0,58.459999999999994
2021-03-27,Blantons,2021,3,27,5,0,1,0,0,0,0,0,0,0,20,4,83,117,2,1,55.22
2021-03-28,Closed,2021,3,28,6,0,0,1,0,0,0,0,0,1,0,5,84,118,3,2,54.68
2021-03-29,Weller,2021,3,29,0,0,0,0,0,0,0,0,1,2,1,6,85,119,4,0,44.78
2021-03-30,Eagle Rare,2021,3,30,1,0,0,0,1,0,0,0,0,3,2,0,86,120,5,1,59.0
2021-03-31,Taylor,2021,3,31,2,0,0,0,0,0,0,1,0,4,3,1,87,121,0,2,50.54
2021-04-01,Eagle Rare,2021,4,1,3,0,0,0,1,0,0,0,0,5,4,0,88,122,1,3,36.5
2021-04-02,Blantons,2021,4,2,4,0,1,0,0,0,0,0,0,0,5,1,89,123,2,4,36.14
2021-04-03,Taylor,2021,4,3,5,0,0,0,0,0,0,1,0,1,6,2,90,124,0,5,44.42
2021-04-04,Closed,2021,4,4,6,0,0,1,0,0,0,0,0,2,0,3,91,125,1,6,57.02
2021-04-05,Eagle Rare,2021,4,5,0,0,0,0,1,0,0,0,0,3,1,0,92,126,2,7,59.72
2021-04-06,Weller,2021,4,6,1,0,0,0,0,0,0,0,1,4,2,1,93,127,3,0,62.6
2021-04-07,Blantons,2021,4,7,2,0,1,0,0,0,0,0,0,0,3,2,94,128,4,1,67.28
2021-04-08,Eagle Rare,2021,4,8,3,1,0,0,1,0,0,1,0,1,4,0,95,129,0,2,64.75999999999999
2021-04-09,Blantons,2021,4,9,4,0,1,0,0,0,0,0,0,0,5,1,96,130,1,3,67.1
2021-04-10,Weller,2021,4,10,5,0,0,0,0,0,0,0,1,1,6,2,97,131,2,0,62.959999999999994
2021-04-11,Eagle Rare,2021,4,11,6,0,0,0,1,0,0,0,0,2,7,0,98,132,3,1,53.6
2021-04-12,Weller,2021,4,12,0,0,0,0,0,0,0,0,1,3,8,1,99,133,4,0,56.66
2021-04-13,Blantons,2021,4,13,1,0,1,0,0,0,0,0,0,0,9,2,100,134,5,1,57.02
2021-04-14,Eagle Rare,2021,4,14,2,0,0,0,1,0,0,0,0,1,10,0,101,135,6,2,51.8
2021-04-15,Blantons,2021,4,15,3,0,1,0,0,0,0,0,0,0,11,1,102,136,7,3,48.02
2021-04-16,Weller,2021,4,16,4,0,0,0,0,0,0,0,1,1,12,2,103,137,8,0,47.120000000000005
2021-04-17,Taylor,2021,4,17,5,0,0,0,0,0,0,1,0,2,13,3,104,138,0,1,50.18
2021-04-18,Eagle Rare,2021,4,18,6,0,0,0,1,0,0,0,0,3,14,0,105,139,1,2,51.26
2021-04-19,Weller,2021,4,19,0,0,0,0,0,0,0,0,1,4,15,1,106,140,2,0,55.94
2021-04-20,Taylor,2021,4,20,1,0,0,0,0,0,0,1,0,5,16,2,107,141,0,1,55.58
2021-04-21,Blantons,2021,4,21,2,0,1,0,0,0,0,0,0,0,17,3,108,142,1,2,38.3
2021-04-22,Eagle Rare,2021,4,22,3,0,0,0,1,0,0,0,0,1,18,0,109,143,2,3,42.8
2021-04-23,Blantons,2021,4,23,4,0,1,0,0,0,0,0,0,0,19,1,110,144,3,4,46.94
2021-04-24,Weller,2021,4,24,5,0,0,0,0,0,0,0,1,1,20,2,111,145,4,0,51.44
2021-04-25,Taylor,2021,4,25,6,0,0,0,0,0,0,1,0,2,21,3,112,146,0,1,52.34
2021-04-26,Weller,2021,4,26,0,0,0,0,0,0,0,0,1,3,22,4,113,147,1,0,56.66
2021-04-27,Eagle Rare,2021,4,27,1,0,0,0,1,0,0,0,0,4,23,0,114,148,2,1,70.88
2021-04-28,Blantons,2021,4,28,2,0,1,0,0,0,0,0,0,0,24,1,115,149,3,2,71.42
2021-04-29,Weller,2021,4,29,3,0,0,0,0,0,0,0,1,1,25,2,116,150,4,0,66.38
2021-04-30,Taylor,2021,4,30,4,1,1,0,0,0,0,1,0,0,26,3,117,151,0,1,61.7
2021-05-01,Weller,2021,5,1,5,0,0,0,0,0,0,0,1,1,27,4,118,152,1,0,55.76
2021-05-02,Oak,2021,5,2,6,0,0,0,0,1,0,0,0,2,28,5,0,153,2,1,64.94
2021-05-03,Weller,2021,5,3,0,0,0,0,0,0,0,0,1,3,29,6,1,154,3,0,67.28
2021-05-04,Eagle Rare,2021,5,4,1,0,0,0,1,0,0,0,0,4,30,0,2,155,4,1,68.9
2021-05-05,Blantons,2021,5,5,2,0,1,0,0,0,0,0,0,0,31,1,3,156,5,2,56.66
2021-05-06,Taylor,2021,5,6,3,0,0,0,0,0,0,1,0,1,32,2,4,157,0,3,52.7
2021-05-07,Weller,2021,5,7,4,0,0,0,0,0,0,0,1,2,33,3,5,158,1,0,54.5
2021-05-08,Blantons,2021,5,8,5,0,1,0,0,0,0,0,0,0,34,4,6,159,2,1,53.78
2021-05-09,Taylor,2021,5,9,6,0,0,0,0,0,0,1,0,1,35,5,7,160,0,2,58.64
2021-05-10,Eagle Rare,2021,5,10,0,0,0,0,1,0,0,0,0,2,36,0,8,161,1,3,52.879999999999995
2021-05-11,Blantons,2021,5,11,1,0,1,0,0,0,0,0,0,0,37,1,9,162,2,4,54.68
2021-05-12,Taylor,2021,5,12,2,0,0,0,0,0,0,1,0,1,38,2,10,163,0,5,55.94
2021-05-13,Blantons,2021,5,13,3,0,1,0,0,0,0,0,0,0,39,3,11,164,1,6,55.94
2021-05-14,Weller,2021,5,14,4,0,0,0,0,0,0,0,1,1,40,4,12,165,2,0,56.120000000000005
2021-05-15,Taylor,2021,5,15,5,0,0,0,0,0,0,1,0,2,41,5,13,166,0,1,58.82
2021-05-16,Weller,2021,5,16,6,0,0,0,0,0,0,0,1,3,42,6,14,167,1,0,61.88
2021-05-17,Eagle Rare,2021,5,17,0,0,0,0,1,0,0,0,0,4,43,0,15,168,2,1,65.84
2021-05-18,Taylor,2021,5,18,1,0,0,0,0,0,0,1,0,5,44,1,16,169,0,2,69.62
2021-05-19,Blantons,2021,5,19,2,0,1,0,0,0,0,0,0,0,45,2,17,170,1,3,69.98
2021-05-20,Weller,2021,5,20,3,0,0,0,0,0,0,0,1,1,46,3,18,171,2,0,73.22
2021-05-21,Eagle Rare,2021,5,21,4,0,0,0,1,0,0,0,0,2,47,0,19,172,3,1,71.96
2021-05-22,Blantons,2021,5,22,5,0,1,0,0,0,0,0,0,0,48,1,20,173,4,2,72.86
2021-05-23,Taylor,2021,5,23,6,1,0,0,1,0,0,1,0,1,49,0,21,174,0,3,74.3
2021-05-24,Weller,2021,5,24,0,0,0,0,0,0,0,0,1,2,50,1,22,175,1,0,75.92
2021-05-25,Taylor,2021,5,25,1,0,0,0,0,0,0,1,0,3,51,2,23,176,0,1,75.92
2021-05-26,Blantons,2021,5,26,2,0,1,0,0,0,0,0,0,0,52,3,24,177,1,2,71.6
2021-05-27,Weller,2021,5,27,3,0,0,0,0,0,0,0,1,1,53,4,25,178,2,0,73.04
2021-05-28,Eagle Rare,2021,5,28,4,0,0,0,1,0,0,0,0,2,54,0,26,179,3,1,68.9
2021-05-29,Blantons,2021,5,29,5,0,1,0,0,0,0,0,0,0,55,1,27,180,4,2,52.34
2021-05-30,Weller,2021,5,30,6,0,0,0,0,0,0,0,1,1,56,2,28,181,5,0,56.84
2021-05-31,Taylor,2021,5,31,0,0,0,0,0,0,0,1,0,2,57,3,29,182,0,1,60.980000000000004
2021-06-01,Blantons,2021,6,1,1,0,1,0,0,0,0,0,0,0,58,4,30,183,1,2,66.02
2021-06-02,Eagle Rare,2021,6,2,2,0,0,0,1,0,0,0,0,1,59,0,31,184,2,3,66.02
2021-06-03,Eagle Rare,2021,6,3,3,0,0,0,1,0,0,0,0,2,60,0,32,185,3,4,68.72
2021-06-04,Weller,2021,6,4,4,0,0,0,0,0,0,0,1,3,61,1,33,186,4,0,72.86
2021-06-05,Taylor,2021,6,5,5,0,0,0,0,0,0,1,0,4,62,2,34,187,0,1,73.75999999999999
2021-06-06,Blantons,2021,6,6,6,0,1,0,0,0,0,0,0,0,63,3,35,188,1,2,73.58
2021-06-07,Taylor,2021,6,7,0,0,0,0,0,0,0,1,0,1,64,4,36,189,0,3,75.92
2021-06-08,Blantons,2021,6,8,1,0,1,0,0,0,0,0,0,0,65,5,37,190,1,4,73.75999999999999
2021-06-09,Weller,2021,6,9,2,0,0,0,0,0,0,0,1,1,66,6,38,191,2,0,74.3
2021-06-10,Taylor,2021,6,10,3,0,0,0,0,0,0,1,0,2,67,7,39,192,0,1,75.56
2021-06-11,Eagle Rare,2021,6,11,4,0,0,0,1,0,0,0,0,3,68,0,40,193,1,2,75.74000000000001
2021-06-12,Blantons,2021,6,12,5,0,1,0,0,0,0,0,0,0,69,1,41,194,2,3,77.9
2021-06-13,Oak,2021,6,13,6,0,0,0,0,1,0,0,0,1,70,2,0,195,3,4,77.9
2021-06-14,Eagle Rare,2021,6,14,0,0,0,0,1,0,0,0,0,2,71,0,1,196,4,5,78.8
2021-06-15,Blantons,2021,6,15,1,0,1,0,0,0,0,0,0,0,72,1,2,197,5,6,72.32
2021-06-16,Blantons,2021,6,16,2,0,1,0,0,0,0,0,0,0,73,2,3,198,6,7,70.16
2021-06-17,Eagle Rare,2021,6,17,3,0,0,0,1,0,0,0,0,1,74,0,4,199,7,8,71.96
2021-06-18,Taylor,2021,6,18,4,0,0,0,0,0,0,1,0,2,75,1,5,200,0,9,78.44
2021-06-19,Weller,2021,6,19,5,0,0,0,0,0,0,0,1,3,76,2,6,201,1,0,75.92
2021-06-20,Weller,2021,6,20,6,0,0,0,0,0,0,0,1,4,77,3,7,202,2,0,79.52
2021-06-21,Weller,2021,6,21,0,0,0,0,0,0,0,0,1,5,78,4,8,203,3,0,75.56
2021-06-22,Blantons,2021,6,22,1,0,1,0,0,0,0,0,0,0,79,5,9,204,4,1,65.84
2021-06-23,Taylor,2021,6,23,2,0,0,0,0,0,0,1,0,1,80,6,10,205,0,2,65.66
2021-06-24,Blantons,2021,6,24,3,0,1,0,0,0,0,0,0,0,81,7,11,206,1,3,73.04
2021-06-25,Eagle Rare,2021,6,25,4,0,0,0,1,0,0,0,0,1,82,0,12,207,2,4,77.54
2021-06-26,Weller,2021,6,26,5,0,0,0,0,0,0,0,1,2,83,1,13,208,3,0,78.62
2021-06-27,Taylor,2021,6,27,6,0,0,0,0,0,0,1,0,3,84,2,14,209,0,1,80.6
2021-06-28,Eagle Rare,2021,6,28,0,0,0,0,1,0,0,0,0,4,85,0,15,210,1,2,81.86
2021-06-29,Taylor,2021,6,29,1,0,0,0,0,0,0,1,0,5,86,1,16,211,0,3,84.02
2021-06-30,Weller,2021,6,30,2,0,0,0,0,0,0,0,1,6,87,2,17,212,1,0,80.06
2021-07-01,Blantons,2021,7,1,3,0,1,0,0,0,0,0,0,0,88,3,18,213,2,1,73.04
2021-07-02,Blantons,2021,7,2,4,0,1,0,0,0,0,0,0,0,89,4,19,214,3,2,71.42
2021-07-03,Weller,2021,7,3,5,0,0,0,0,0,0,0,1,1,90,5,20,215,4,0,68.54
2021-07-04,Eagle Rare,2021,7,4,6,0,0,0,1,0,0,0,0,2,91,0,21,216,5,1,75.02
2021-07-05,Taylor,2021,7,5,0,0,0,0,0,0,0,1,0,3,92,1,22,217,0,2,79.34
2021-07-06,Blantons,2021,7,6,1,0,1,0,0,0,0,0,0,0,93,2,23,218,1,3,78.08
2021-07-07,Weller,2021,7,7,2,0,0,0,0,0,0,0,1,1,94,3,24,219,2,0,77.0
2021-07-08,Weller,2021,7,8,3,0,0,0,0,0,0,0,1,2,95,4,25,220,3,0,77.36
2021-07-09,Eagle Rare,2021,7,9,4,0,0,0,1,0,0,0,0,3,96,0,26,221,4,1,74.66
2021-07-10,Taylor,2021,7,10,5,0,0,0,0,0,0,1,0,4,97,1,27,222,0,2,73.58
2021-07-11,Blantons,2021,7,11,6,0,1,0,0,0,0,0,0,0,98,2,28,223,1,3,73.94
2021-07-12,Eagle Rare,2021,7,12,0,0,0,0,1,0,0,0,0,1,99,0,29,224,2,4,77.54
2021-07-13,Blantons,2021,7,13,1,0,1,0,0,0,0,0,0,0,100,1,30,225,3,5,75.74000000000001
2021-07-14,Eagle Rare,2021,7,14,2,0,0,0,1,0,0,0,0,1,101,0,31,226,4,6,76.46
2021-07-15,Blantons,2021,7,15,3,0,1,0,0,0,0,0,0,0,102,1,32,227,5,7,77.54
2021-07-16,Weller,2021,7,16,4,0,0,0,0,0,0,0,1,1,103,2,33,228,6,0,76.1
2021-07-17,Taylor,2021,7,17,5,0,0,0,0,0,0,1,0,2,104,3,34,229,0,1,76.28
2021-07-18,Eagle Rare,2021,7,18,6,1,0,0,1,0,0,0,1,3,105,0,35,230,1,0,75.02
2021-07-19,Blantons,2021,7,19,0,0,1,0,0,0,0,0,0,0,106,1,36,231,2,1,75.38
2021-07-20,Taylor,2021,7,20,1,0,0,0,0,0,0,1,0,1,107,2,37,232,0,2,75.38
2021-07-21,Blantons,2021,7,21,2,0,1,0,0,0,0,0,0,0,108,3,38,233,1,3,75.92
2021-07-22,Taylor,2021,7,22,3,0,0,0,0,0,0,1,0,1,109,4,39,234,0,4,74.66
2021-07-23,Eagle Rare,2021,7,23,4,0,0,0,1,0,0,0,0,2,110,0,40,235,1,5,73.04
2021-07-24,Weller,2021,7,24,5,0,0,0,0,0,0,0,1,3,111,1,41,236,2,0,75.56
2021-07-25,Eagle Rare,2021,7,25,6,1,0,0,1,0,0,0,1,4,112,0,42,237,3,0,80.96
2021-07-26,Eagle Rare,2021,7,26,0,0,0,0,1,0,0,0,0,5,113,0,43,238,4,1,82.94
2021-07-27,Blantons,2021,7,27,1,0,1,0,0,0,0,0,0,0,114,1,44,239,5,2,79.7
2021-07-28,Eagle Rare,2021,7,28,2,0,0,0,1,0,0,0,0,1,115,0,45,240,6,3,77.9
2021-07-29,Blantons,2021,7,29,3,0,1,0,0,0,0,0,0,0,116,1,46,241,7,4,79.34
2021-07-30,Taylor,2021,7,30,4,0,0,0,0,0,0,1,0,1,117,2,47,242,0,5,78.25999999999999
2021-07-31,Weller,2021,7,31,5,0,0,0,0,0,0,0,1,2,118,3,48,243,1,0,71.24000000000001
2021-08-01,Eagle Rare,2021,8,1,6,0,0,0,1,0,0,0,0,3,119,0,49,244,2,1,72.68
2021-08-02,Taylor,2021,8,2,0,0,0,0,0,0,0,1,0,4,120,1,50,245,0,2,71.42
2021-08-03,Eagle Rare,2021,8,3,1,0,0,0,1,0,0,0,0,5,121,0,51,246,1,3,70.88
2021-08-04,Eagle Rare,2021,8,4,2,0,0,0,1,0,0,0,0,6,122,0,52,247,2,4,69.8
2021-08-05,Blantons,2021,8,5,3,0,1,0,0,0,0,0,0,0,123,1,53,248,3,5,73.04
2021-08-06,Taylor,2021,8,6,4,0,0,0,0,0,0,1,0,1,124,2,54,249,0,6,74.66
2021-08-07,Weller,2021,8,7,5,0,0,0,0,0,0,0,1,2,125,3,55,250,1,0,77.72
2021-08-08,Blantons,2021,8,8,6,0,1,0,0,0,0,0,0,0,126,4,56,251,2,1,78.25999999999999
2021-08-09,Blantons,2021,8,9,0,0,1,0,0,0,0,0,0,0,127,5,57,252,3,2,74.12
2021-08-10,Taylor,2021,8,10,1,0,0,0,0,0,0,1,0,1,128,6,58,253,0,3,78.62
2021-08-11,Weller,2021,8,11,2,0,0,0,0,0,0,0,1,2,129,7,59,254,1,0,83.84
2021-08-12,Taylor,2021,8,12,3,0,0,0,0,0,0,1,0,3,130,8,60,255,0,1,83.12
2021-08-13,Blantons,2021,8,13,4,1,1,0,1,0,0,0,0,0,131,0,61,256,1,2,79.52
2021-08-14,Eagle Rare,2021,8,14,5,0,0,0,1,0,0,0,0,1,132,0,62,257,2,3,74.84
2021-08-15,Weller,2021,8,15,6,0,0,0,0,0,0,0,1,2,133,1,63,258,3,0,72.68
2021-08-16,Eagle Rare,2021,8,16,0,0,0,0,1,0,0,0,0,3,134,0,64,259,4,1,74.48
2021-08-17,Weller,2021,8,17,1,0,0,0,0,0,0,0,1,4,135,1,65,260,5,0,76.28
2021-08-18,Blantons,2021,8,18,2,0,1,0,0,0,0,0,0,0,136,2,66,261,6,1,77.54
2021-08-19,Weller,2021,8,19,3,0,0,0,0,0,0,0,1,1,137,3,67,262,7,0,75.92
2021-08-20,Eagle Rare,2021,8,20,4,0,0,0,1,0,0,0,0,2,138,0,68,263,8,1,76.28
2021-08-21,Taylor,2021,8,21,5,0,0,0,0,0,0,1,0,3,139,1,69,264,0,2,77.18
2021-08-22,Blantons,2021,8,22,6,1,1,0,0,0,0,0,1,0,140,2,70,265,1,0,79.34
2021-08-23,Weller,2021,8,23,0,0,0,0,0,0,0,0,1,1,141,3,71,266,2,0,80.24000000000001
2021-08-24,Taylor,2021,8,24,1,0,0,0,0,0,0,1,0,2,142,4,72,267,0,1,81.86
2021-08-25,Eagle Rare,2021,8,25,2,0,0,0,1,0,0,0,0,3,143,0,73,268,1,2,79.7
2021-08-26,Weller,2021,8,26,3,0,0,0,0,0,0,0,1,4,144,1,74,269,2,0,80.24000000000001
2021-08-27,Eagle Rare,2021,8,27,4,0,0,0,1,0,0,0,0,5,145,0,75,270,3,1,77.36
2021-08-28,Blantons,2021,8,28,5,0,1,0,0,0,0,0,0,0,146,1,76,271,4,2,80.42
2021-08-29,Taylor,2021,8,29,6,0,0,0,0,0,0,1,0,1,147,2,77,272,0,3,81.32
2021-08-30,Eagle Rare,2021,8,30,0,0,0,0,1,0,0,0,0,2,148,0,78,273,1,4,74.3
2021-08-31,Blantons,2021,8,31,1,0,1,0,0,0,0,0,0,0,149,1,79,274,2,5,70.7
2021-09-01,Taylor,2021,9,1,2,0,0,0,0,0,0,1,0,1,150,2,80,275,0,6,73.94
2021-09-02,Weller,2021,9,2,3,0,0,0,0,0,0,0,1,2,151,3,81,276,1,0,69.98
2021-09-03,Blantons,2021,9,3,4,0,1,0,0,0,0,0,0,0,152,4,82,277,2,1,68.9
2021-09-04,Eagle Rare,2021,9,4,5,0,0,0,1,0,0,0,0,1,153,0,83,278,3,2,72.5
2021-09-05,Taylor,2021,9,5,6,0,0,0,0,0,0,1,0,2,154,1,84,279,0,3,70.88
2021-09-06,Weller,2021,9,6,0,0,0,0,0,0,0,0,1,3,155,2,85,280,1,0,69.25999999999999
2021-09-07,Taylor,2021,9,7,1,0,0,0,0,0,0,1,0,4,156,3,86,281,0,1,70.88
2021-09-08,Blantons,2021,9,8,2,0,1,0,0,0,0,0,0,0,157,4,87,282,1,2,69.25999999999999
2021-09-09,Eagle Rare,2021,9,9,3,0,0,0,1,0,0,0,0,1,158,0,88,283,2,3,66.2
2021-09-10,Taylor,2021,9,10,4,0,0,0,0,0,0,1,0,2,159,1,89,284,0,4,65.84
2021-09-11,Weller,2021,9,11,5,0,0,0,0,0,0,0,1,3,160,2,90,285,1,0,68.9
2021-09-12,Blantons,2021,9,12,6,0,1,0,0,0,0,0,0,0,161,3,91,286,2,1,74.48
2021-09-13,Eagle Rare,2021,9,13,0,0,0,0,1,0,0,0,0,1,162,0,92,287,3,2,75.38
2021-09-14,Taylor,2021,9,14,1,0,0,0,0,0,0,1,0,2,163,1,93,288,0,3,76.46
2021-09-15,Blantons,2021,9,15,2,0,1,0,0,0,0,0,0,0,164,2,94,289,1,4,73.58
2021-09-16,Weller,2021,9,16,3,0,0,0,0,0,0,0,1,1,165,3,95,290,2,0,72.86
2021-09-17,Eagle Rare,2021,9,17,4,0,0,0,1,0,0,0,0,2,166,0,96,291,3,1,75.02
2021-09-18,Taylor,2021,9,18,5,1,0,0,0,0,0,1,1,3,167,1,97,292,0,0,76.82
2021-09-19,Eagle Rare,2021,9,19,6,0,0,0,1,0,0,0,0,4,168,0,98,293,1,1,73.94
2021-09-20,Blantons,2021,9,20,0,0,1,0,0,0,0,0,0,0,169,1,99,294,2,2,71.24000000000001
2021-09-21,Weller,2021,9,21,1,0,0,0,0,0,0,0,1,1,170,2,100,295,3,0,71.06
2021-09-22,Eagle Rare,2021,9,22,2,1,0,0,1,0,0,0,1,2,171,0,101,296,4,0,61.7
2021-09-23,Taylor,2021,9,23,3,0,0,0,0,0,0,1,0,3,172,1,102,297,0,1,58.1
2021-09-24,Blantons,2021,9,24,4,0,1,0,0,0,0,0,0,0,173,2,103,298,1,2,58.82
2021-09-25,Eagle Rare,2021,9,25,5,0,0,0,1,0,0,0,0,1,174,0,104,299,2,3,59.36
2021-09-26,Weller,2021,9,26,6,0,0,0,0,0,0,0,1,2,175,1,105,300,3,0,59.36
2021-09-27,Taylor,2021,9,27,0,0,0,0,0,0,0,1,0,3,176,2,106,301,0,1,67.82
2021-09-28,Eagle Rare,2021,9,28,1,0,0,0,1,0,0,0,0,4,177,0,107,302,1,2,72.32
2021-09-29,Blantons,2021,9,29,2,0,1,0,0,0,0,0,0,0,178,1,108,303,2,3,71.96
2021-09-30,Taylor,2021,9,30,3,0,0,0,0,0,0,1,0,1,179,2,109,304,0,4,70.34
2021-10-01,Eagle Rare,2021,10,1,4,0,0,0,1,0,0,0,0,2,180,0,110,305,1,5,64.4
2021-10-02,Taylor,2021,10,2,5,1,0,0,1,0,0,1,0,3,181,0,111,306,0,6,68.0
2021-10-03,Blantons,2021,10,3,6,0,1,0,0,0,0,0,0,0,182,1,112,307,1,7,69.25999999999999
2021-10-04,Weller,2021,10,4,0,0,0,0,0,0,0,0,1,1,183,2,113,308,2,0,67.82
2021-10-05,Taylor,2021,10,5,1,0,0,0,0,0,0,1,0,2,184,3,114,309,0,1,68.18
2021-10-06,Blantons,2021,10,6,2,0,1,0,0,0,0,0,0,0,185,4,115,310,1,2,70.88
2021-10-07,Eagle Rare,2021,10,7,3,0,0,0,1,0,0,0,0,1,186,0,116,311,2,3,69.08
2021-10-08,Sazerac,2021,10,8,4,0,0,0,0,0,1,0,0,2,187,1,117,0,3,4,69.62
2021-10-09,Weller,2021,10,9,5,0,0,0,0,0,0,0,1,3,188,2,118,1,4,0,69.44
2021-10-10,Blantons,2021,10,10,6,0,1,0,0,0,0,0,0,0,189,3,119,2,5,1,73.04
2021-10-11,Weller,2021,10,11,0,0,0,0,0,0,0,0,1,1,190,4,120,3,6,0,72.32
2021-10-12,Taylor,2021,10,12,1,0,0,0,0,0,0,1,0,2,191,5,121,4,0,1,71.96
2021-10-13,Sazerac,2021,10,13,2,0,0,0,0,0,1,0,0,3,192,6,122,0,1,2,65.12
2021-10-14,Eagle Rare,2021,10,14,3,0,0,0,1,0,0,0,0,4,193,0,123,1,2,3,73.22
2021-10-15,Taylor,2021,10,15,4,0,0,0,0,0,0,1,0,5,194,1,124,2,0,4,70.16
2021-10-16,Blantons,2021,10,16,5,0,1,0,0,0,0,0,0,0,195,2,125,3,1,5,57.92
2021-10-17,Eagle Rare,2021,10,17,6,0,0,0,1,0,0,0,0,1,196,0,126,4,2,6,52.879999999999995
2021-10-18,Sazerac,2021,10,18,0,0,0,0,0,0,1,0,0,2,197,1,127,0,3,7,53.78
2021-10-19,Taylor,2021,10,19,1,0,0,0,0,0,0,1,0,3,198,2,128,1,0,8,55.22
2021-10-20,Weller,2021,10,20,2,0,0,0,0,0,0,0,1,4,199,3,129,2,1,0,57.56
2021-10-21,Eagle Rare,2021,10,21,3,0,0,0,1,0,0,0,0,5,200,0,130,3,2,1,63.14
2021-10-22,Blantons,2021,10,22,4,0,1,0,0,0,0,0,0,0,201,1,131,4,3,2,52.16
2021-10-23,Taylor,2021,10,23,5,0,0,0,0,0,0,1,0,1,202,2,132,5,0,3,55.04
2021-10-24,Weller,2021,10,24,6,0,0,0,0,0,0,0,1,2,203,3,133,6,1,0,64.75999999999999
2021-10-25,Eagle Rare,2021,10,25,0,0,0,0,1,0,0,0,0,3,204,0,134,7,2,1,59.9
2021-10-26,Sazerac,2021,10,26,1,0,0,0,0,0,1,0,0,4,205,1,135,0,3,2,50.72
2021-10-27,Eagle Rare,2021,10,27,2,0,0,0,1,0,0,0,0,5,206,0,136,1,4,3,46.04
2021-10-28,Taylor,2021,10,28,3,0,0,0,0,0,0,1,0,6,207,1,137,2,0,4,50.36
2021-10-29,Weller,2021,10,29,4,0,0,0,0,0,0,0,1,7,208,2,138,3,1,0,55.04
2021-10-30,Blantons,2021,10,30,5,0,1,0,0,0,0,0,0,0,209,3,139,4,2,1,55.04
2021-10-31,Eagle Rare,2021,10,31,6,1,0,0,1,0,1,0,0,1,210,0,140,0,3,2,55.22
2021-11-01,Blantons,2021,11,1,0,0,1,0,0,0,0,0,0,0,211,1,141,1,4,3,48.92
2021-11-02,Sazerac,2021,11,2,1,0,0,0,0,0,1,0,0,1,212,2,142,0,5,4,44.239999999999995
2021-11-03,Weller,2021,11,3,2,0,0,0,0,0,0,0,1,2,213,3,143,1,6,0,36.68
2021-11-04,Taylor,2021,11,4,3,0,0,0,0,0,0,1,0,3,214,4,144,2,0,1,37.4
2021-11-05,Blantons,2021,11,5,4,0,1,0,0,0,0,0,0,0,215,5,145,3,1,2,38.660000000000004
2021-11-06,Eagle Rare,2021,11,6,5,0,0,0,1,0,0,0,0,1,216,0,146,4,2,3,40.82
2021-11-07,Sazerac,2021,11,7,6,0,0,0,0,0,1,0,0,2,217,1,147,0,3,4,43.16
2021-11-08,Weller,2021,11,8,0,0,0,0,0,0,0,0,1,3,218,2,148,1,4,0,49.28
2021-11-09,Blantons,2021,11,9,1,0,1,0,0,0,0,0,0,0,219,3,149,2,5,1,52.7
2021-11-10,Taylor,2021,11,10,2,0,0,0,0,0,0,1,0,1,220,4,150,3,0,2,58.459999999999994
2021-11-11,Blantons,2021,11,11,3,0,1,0,0,0,0,0,0,0,221,5,151,4,1,3,55.04
2021-11-12,Eagle Rare,2021,11,12,4,0,0,0,1,0,0,0,0,1,222,0,152,5,2,4,46.22
2021-11-13,Sazerac,2021,11,13,5,0,0,0,0,0,1,0,0,2,223,1,153,0,3,5,38.3
2021-11-14,Weller,2021,11,14,6,0,0,0,0,0,0,0,1,3,224,2,154,1,4,0,39.02
2021-11-15,Taylor,2021,11,15,0,0,0,0,0,0,0,1,0,4,225,3,155,2,0,1,37.58
2021-11-16,Weller,2021,11,16,1,0,0,0,0,0,0,0,1,5,226,4,156,3,1,0,49.82
2021-11-17,Blantons,2021,11,17,2,0,1,0,0,0,0,0,0,0,227,5,157,4,2,1,64.58
2021-11-18,Eagle Rare,2021,11,18,3,0,0,0,1,0,0,0,0,1,228,0,158,5,3,2,46.58
2021-11-19,Blantons,2021,11,19,4,0,1,0,0,0,0,0,0,0,229,1,159,6,4,3,33.62
2021-11-20,Weller,2021,11,20,5,0,0,0,0,0,0,0,1,1,230,2,160,7,5,0,42.44
2021-11-21,Sazerac,2021,11,21,6,0,0,0,0,0,1,0,0,2,231,3,161,0,6,1,46.76
2021-11-22,Eagle Rare,2021,11,22,0,0,0,0,1,0,0,0,0,3,232,0,162,1,7,2,35.96
2021-11-23,Weller,2021,11,23,1,0,0,0,0,0,0,0,1,4,233,1,163,2,8,0,30.02
2021-11-24,Eagle Rare,2021,11,24,2,0,0,0,1,0,0,0,0,5,234,0,164,3,9,1,42.08
2021-11-25,Closed,2021,11,25,3,0,0,1,0,0,0,0,0,6,0,1,165,4,10,2,46.58
2021-11-26,Blantons,2021,11,26,4,0,1,0,0,0,0,0,0,0,1,2,166,5,11,3,32.18
2021-11-27,Taylor,2021,11,27,5,0,0,0,0,0,0,1,0,1,2,3,167,6,0,4,40.64
2021-11-28,Sazerac,2021,11,28,6,0,0,0,0,0,1,0,0,2,3,4,168,0,1,5,41.54
2021-11-29,Eagle Rare,2021,11,29,0,0,0,0,1,0,0,0,0,3,4,0,169,1,2,6,34.7
2021-11-30,Taylor,2021,11,30,1,0,0,0,0,0,0,1,0,4,5,1,170,2,0,7,44.42
2021-12-01,Sazerac,2021,12,1,2,0,0,0,0,0,1,0,0,5,6,2,171,0,1,8,46.58
2021-12-02,Eagle Rare,2021,12,2,3,0,0,0,1,0,0,0,0,6,7,0,172,1,2,9,59.0
2021-12-03,Blantons,2021,12,3,4,0,1,0,0,0,0,0,0,0,8,1,173,2,3,10,50.36
2021-12-04,Weller,2021,12,4,5,0,0,0,0,0,0,0,1,1,9,2,174,3,4,0,47.3
2021-12-05,Taylor,2021,12,5,6,0,0,0,0,0,0,1,0,2,10,3,175,4,0,1,51.98
2021-12-06,Blantons,2021,12,6,0,0,1,0,0,0,0,0,0,0,11,4,176,5,1,2,45.86
2021-12-07,Weller,2021,12,7,1,0,0,0,0,0,0,0,1,1,12,5,177,6,2,0,30.02
2021-12-08,Eagle Rare,2021,12,8,2,0,0,0,1,0,0,0,0,2,13,0,178,7,3,1,33.62
2021-12-09,Blantons,2021,12,9,3,0,1,0,0,0,0,0,0,0,14,1,179,8,4,2,43.16
2021-12-10,Sazerac,2021,12,10,4,0,0,0,0,0,1,0,0,1,15,2,180,0,5,3,58.1
2021-12-11,Taylor,2021,12,11,5,0,0,0,0,0,0,1,0,2,16,3,181,1,0,4,52.16
2021-12-12,Eagle Rare,2021,12,12,6,0,0,0,1,0,0,0,0,3,17,0,182,2,1,5,34.88
2021-12-13,Eagle Rare,2021,12,13,0,0,0,0,1,0,0,0,0,4,18,0,183,3,2,6,38.12
2021-12-14,Blantons,2021,12,14,1,0,1,0,0,0,0,0,0,0,19,1,184,4,3,7,43.519999999999996
2021-12-15,Weller,2021,12,15,2,0,0,0,0,0,0,0,1,1,20,2,185,5,4,0,56.48
2021-12-16,Sazerac,2021,12,16,3,0,0,0,0,0,1,0,0,2,21,3,186,0,5,1,57.74
2021-12-17,Taylor,2021,12,17,4,0,0,0,0,0,0,1,0,3,22,4,187,1,0,2,44.96
2021-12-18,Eagle Rare,2021,12,18,5,0,0,0,1,0,0,0,0,4,23,0,188,2,1,3,50.9
2021-12-19,Blantons,2021,12,19,6,0,1,0,0,0,0,0,0,0,24,1,189,3,2,4,36.14
2021-12-20,Eagle Rare,2021,12,20,0,0,0,0,1,0,0,0,0,1,25,0,190,4,3,5,31.64
2021-12-21,Sazerac,2021,12,21,1,0,0,0,0,0,1,0,0,2,26,1,191,0,4,6,34.52
2021-12-22,Blantons,2021,12,22,2,0,1,0,0,0,0,0,0,0,27,2,192,1,5,7,33.62
2021-12-23,Weller,2021,12,23,3,0,0,0,0,0,0,0,1,1,28,3,193,2,6,0,39.2
2021-12-24,Taylor,2021,12,24,4,0,0,0,0,0,0,1,0,2,29,4,194,3,0,1,56.48
2021-12-25,Closed,2021,12,25,5,0,0,1,0,0,0,0,0,3,0,5,195,4,1,2,65.12
2021-12-26,Sazerac,2021,12,26,6,0,0,0,0,0,1,0,0,4,1,6,196,0,2,3,53.06
2021-12-27,Blantons,2021,12,27,0,1,1,0,1,0,0,0,0,0,2,0,197,1,3,4,62.6
2021-12-28,Weller,2021,12,28,1,0,0,0,0,0,0,0,1,1,3,1,198,2,4,0,53.24
2021-12-29,Taylor,2021,12,29,2,0,0,0,0,0,0,1,0,2,4,2,199,3,0,1,52.52
2021-12-30,Blantons,2021,12,30,3,0,1,0,0,0,0,0,0,0,5,3,200,4,1,2,50.54
2021-12-31,Eagle Rare,2021,12,31,4,0,0,0,1,0,0,0,0,1,6,0,201,5,2,3,56.48
2022-01-01,Closed,2022,1,1,5,0,0,1,0,0,0,0,0,2,0,1,202,6,3,4,57.92
2022-01-02,Taylor,2022,1,2,6,0,0,0,0,0,0,1,0,3,1,2,203,7,0,5,42.8
2022-01-03,Eagle Rare,2022,1,3,0,0,0,0,1,0,0,0,0,4,2,0,204,8,1,6,29.3
2022-01-04,Sazerac,2022,1,4,1,0,0,0,0,0,1,0,0,5,3,1,205,0,2,7,33.44
2022-01-05,Eagle Rare,2022,1,5,2,0,0,0,1,0,0,0,0,6,4,0,206,1,3,8,43.879999999999995
2022-01-06,Weller,2022,1,6,3,0,0,0,0,0,0,0,1,7,5,1,207,2,4,0,22.28
2022-01-07,Blantons,2022,1,7,4,0,1,0,0,0,0,0,0,0,6,2,208,3,5,1,14.18
2022-01-08,Taylor,2022,1,8,5,0,0,0,0,0,0,1,0,1,7,3,209,4,0,2,25.880000000000003
2022-01-09,Sazerac,2022,1,9,6,0,0,0,0,0,1,0,0,2,8,4,210,0,1,3,40.82
2022-01-10,Weller,2022,1,10,0,0,0,0,0,0,0,0,1,3,9,5,211,1,2,0,27.14
2022-01-11,Eagle Rare,2022,1,11,1,0,0,0,1,0,0,0,0,4,10,0,212,2,3,1,26.42
2022-01-12,Sazerac,2022,1,12,2,0,0,0,0,0,1,0,0,5,11,1,213,0,4,2,40.64
2022-01-13,Blantons,2022,1,13,3,0,1,0,0,0,0,0,0,0,12,2,214,1,5,3,42.620000000000005
2022-01-14,Taylor,2022,1,14,4,1,0,0,0,0,0,1,1,1,13,3,215,2,0,0,34.16
2022-01-15,Sazerac,2022,1,15,5,0,0,0,0,0,1,0,0,2,14,4,216,0,1,1,33.26
2022-01-16,Eagle Rare,2022,1,16,6,0,0,0,1,0,0,0,0,3,15,0,217,1,2,2,28.94
2022-01-17,Sazerac,2022,1,17,0,0,0,0,0,0,1,0,0,4,16,1,218,0,3,3,28.580000000000002
2022-01-18,Eagle Rare,2022,1,18,1,0,0,0,1,0,0,0,0,5,17,0,219,1,4,4,32.72
2022-01-19,Weller,2022,1,19,2,0,0,0,0,0,0,0,1,6,18,1,220,2,5,0,43.16
2022-01-20,Sazerac,2022,1,20,3,0,0,0,0,0,1,0,0,7,19,2,221,0,6,1,26.42
2022-01-21,Taylor,2022,1,21,4,0,0,0,0,0,0,1,0,8,20,3,222,1,0,2,23.18
2022-01-22,Blantons,2022,1,22,5,0,1,0,0,0,0,0,0,0,21,4,223,2,1,3,21.02
2022-01-23,Weller,2022,1,23,6,0,0,0,0,0,0,0,1,1,22,5,224,3,2,0,29.66
2022-01-24,Taylor,2022,1,24,0,0,0,0,0,0,0,1,0,2,23,6,225,4,0,1,33.98
2022-01-25,Weller,2022,1,25,1,0,0,0,0,0,0,0,1,3,24,7,226,5,1,0,29.48
2022-01-26,Taylor,2022,1,26,2,0,0,0,0,0,0,1,0,4,25,8,227,6,0,1,17.6
2022-01-27,Blantons,2022,1,27,3,0,1,0,0,0,0,0,0,0,26,9,228,7,1,2,24.62
2022-01-28,Sazerac,2022,1,28,4,0,0,0,0,0,1,0,0,1,27,10,229,0,2,3,29.12
2022-01-29,Eagle Rare,2022,1,29,5,0,0,0,1,0,0,0,0,2,28,0,230,1,3,4,16.520000000000003
2022-01-30,Blantons,2022,1,30,6,0,1,0,0,0,0,0,0,0,29,1,231,2,4,5,32.0
2022-01-31,Sazerac,2022,1,31,0,0,0,0,0,0,1,0,0,1,30,2,232,0,5,6,31.64
2022-02-01,Weller,2022,2,1,1,0,0,0,0,0,0,0,1,2,31,3,233,1,6,0,45.14
2022-02-02,Eagle Rare,2022,2,2,2,0,0,0,1,0,0,0,0,3,32,0,234,2,7,1,46.76
2022-02-03,Weller,2022,2,3,3,0,0,0,0,0,0,0,1,4,33,1,235,3,8,0,35.24
2022-02-04,Closed,2022,2,4,4,0,0,1,0,0,0,0,0,5,0,2,236,4,9,1,24.26
2022-02-05,Taylor,2022,2,5,5,0,0,0,0,0,0,1,0,6,1,3,237,5,0,2,21.02
2022-02-06,Blantons,2022,2,6,6,1,1,0,0,0,1,0,0,0,2,4,238,0,1,3,27.86
2022-02-07,Eagle Rare,2022,2,7,0,0,0,0,1,0,0,0,0,1,3,0,239,1,2,4,31.28
2022-02-08,Blantons,2022,2,8,1,0,1,0,0,0,0,0,0,0,4,1,240,2,3,5,34.7
2022-02-09,Weller,2022,2,9,2,0,0,0,0,0,0,0,1,1,5,2,241,3,4,0,45.5
2022-02-10,Sazerac,2022,2,10,3,0,0,0,0,0,1,0,0,2,6,3,242,0,5,1,44.6
2022-02-11,Eagle Rare,2022,2,11,4,0,0,0,1,0,0,0,0,3,7,0,243,1,6,2,47.84
2022-02-12,Taylor,2022,2,12,5,0,0,0,0,0,0,1,0,4,8,1,244,2,0,3,33.8
2022-02-13,Weller,2022,2,13,6,0,0,0,0,0,0,0,1,5,9,2,245,3,1,0,27.14
2022-02-14,Sazerac,2022,2,14,0,0,0,0,0,0,1,0,0,6,10,3,246,0,2,1,25.34
2022-02-15,Weller,2022,2,15,1,0,0,0,0,0,0,0,1,7,11,4,247,1,3,0,37.76
2022-02-16,Eagle Rare,2022,2,16,2,0,0,0,1,0,0,0,0,8,12,0,248,2,4,1,55.58
2022-02-17,Sazerac,2022,2,17,3,0,0,0,0,0,1,0,0,9,13,1,249,0,5,2,56.84
2022-02-18,Blantons,2022,2,18,4,0,1,0,0,0,0,0,0,0,14,2,250,1,6,3,30.74
2022-02-19,Taylor,2022,2,19,5,0,0,0,0,0,0,1,0,1,15,3,251,2,0,4,31.64
2022-02-20,Eagle Rare,2022,2,20,6,0,0,0,1,0,0,0,0,2,16,0,252,3,1,5,40.28
2022-02-21,Weller,2022,2,21,0,0,0,0,0,0,0,0,1,3,17,1,253,4,2,0,52.879999999999995
2022-02-22,Eagle Rare,2022,2,22,1,0,0,0,1,0,0,0,0,4,18,0,254,5,3,1,59.36
2022-02-23,Blantons,2022,2,23,2,0,1,0,0,0,0,0,0,0,19,1,255,6,4,2,35.42
2022-02-24,Eagle Rare,2022,2,24,3,0,0,0,1,0,0,0,0,1,20,0,256,7,5,3,35.42
2022-02-25,Taylor,2022,2,25,4,0,0,0,0,0,0,1,0,2,21,1,257,8,0,4,34.88
2022-02-26,Blantons,2022,2,26,5,0,1,0,0,0,0,0,0,0,22,2,258,9,1,5,33.26
2022-02-27,Eagle Rare,2022,2,27,6,0,0,0,1,0,0,0,0,1,23,0,259,10,2,6,36.86
2022-02-28,Sazerac,2022,2,28,0,0,0,0,0,0,1,0,0,2,24,1,260,0,3,7,38.660000000000004
2022-03-01,Weller,2022,3,1,1,0,0,0,0,0,0,0,1,3,25,2,261,1,4,0,50.36
2022-03-02,Blantons,2022,3,2,2,0,1,0,0,0,0,0,0,0,26,3,262,2,5,1,53.78
2022-03-03,Taylor,2022,3,3,3,0,0,0,0,0,0,1,0,1,27,4,263,3,0,2,50.36
2022-03-04,Weller,2022,3,4,4,0,0,0,0,0,0,0,1,2,28,5,264,4,1,0,45.86
2022-03-05,Taylor,2022,3,5,5,0,0,0,0,0,0,1,0,3,29,6,265,5,0,1,62.78
2022-03-06,Eagle Rare,2022,3,6,6,0,0,0,1,0,0,0,0,4,30,0,266,6,1,2,64.58
2022-03-07,Blantons,2022,3,7,0,0,1,0,0,0,0,0,0,0,31,1,267,7,2,3,53.78
2022-03-08,Taylor,2022,3,8,1,0,0,0,0,0,0,1,0,1,32,2,268,8,0,4,39.38
2022-03-09,Sazerac,2022,3,9,2,0,0,0,0,0,1,0,0,2,33,3,269,0,1,5,41.72
2022-03-10,Blantons,2022,3,10,3,0,1,0,0,0,0,0,0,0,34,4,270,1,2,6,41.9
2022-03-11,Weller,2022,3,11,4,0,0,0,0,0,0,0,1,1,35,5,271,2,3,0,40.82
2022-03-12,Eagle Rare,2022,3,12,5,0,0,0,1,0,0,0,0,2,36,0,272,3,4,1,23.9
2022-03-13,Taylor,2022,3,13,6,0,0,0,0,0,0,1,0,3,37,1,273,4,0,2,25.7
2022-03-14,Eagle Rare,2022,3,14,0,0,0,0,1,0,0,0,0,4,38,0,274,5,1,3,50.0
2022-03-15,Blantons,2022,3,15,1,0,1,0,0,0,0,0,0,0,39,1,275,6,2,4,55.76
2022-03-16,Taylor,2022,3,16,2,0,0,0,0,0,0,1,0,1,40,2,276,7,0,5,52.52
2022-03-17,Weller,2022,3,17,3,0,0,0,0,0,0,0,1,2,41,3,277,8,1,0,57.379999999999995
2022-03-18,Blantons,2022,3,18,4,0,1,0,0,0,0,0,0,0,42,4,278,9,2,1,58.64
2022-03-19,Sazerac,2022,3,19,5,0,0,0,0,0,1,0,0,1,43,5,279,0,3,2,49.64
2022-03-20,Eagle Rare,2022,3,20,6,0,0,0,1,0,0,0,0,2,44,0,280,1,4,3,50.0
2022-03-21,Taylor,2022,3,21,0,0,0,0,0,0,0,1,0,3,45,1,281,2,0,4,53.42
2022-03-22,Sazerac,2022,3,22,1,0,0,0,0,0,1,0,0,4,46,2,282,0,1,5,61.88
2022-03-23,Weller,2022,3,23,2,0,0,0,0,0,0,0,1,5,47,3,283,1,2,0,63.32
2022-03-24,Blantons,2022,3,24,3,0,1,0,0,0,0,0,0,0,48,4,284,2,3,1,49.82
2022-03-25,Eagle Rare,2022,3,25,4,0,0,0,1,0,0,0,0,1,49,0,285,3,4,2,42.44
2022-03-26,Taylor,2022,3,26,5,0,0,0,0,0,0,1,0,2,50,1,286,4,0,3,40.64
2022-03-27,Sazerac,2022,3,27,6,0,0,0,0,0,1,0,0,3,51,2,287,0,1,4,34.34
2022-03-28,Eagle Rare,2022,3,28,0,0,0,0,1,0,0,0,0,4,52,0,288,1,2,5,35.06
2022-03-29,Taylor,2022,3,29,1,0,0,0,0,0,0,1,0,5,53,1,289,2,0,6,40.46
2022-03-30,Blantons,2022,3,30,2,0,1,0,0,0,0,0,0,0,54,2,290,3,1,7,64.4
2022-03-31,Taylor,2022,3,31,3,0,0,0,0,0,0,1,0,1,55,3,291,4,0,8,51.08
2022-04-01,Weller,2022,4,1,4,0,0,0,0,0,0,0,1,2,56,4,292,5,1,0,39.74
2022-04-02,Blantons,2022,4,2,5,0,1,0,0,0,0,0,0,0,57,5,293,6,2,1,41.72
2022-04-03,Eagle Rare,2022,4,3,6,0,0,0,1,0,0,0,0,1,58,0,294,7,3,2,47.120000000000005
2022-04-04,Eagle Rare,2022,4,4,0,0,0,0,1,0,0,0,0,2,59,0,295,8,4,3,50.18
2022-04-05,Weller,2022,4,5,1,0,0,0,0,0,0,0,1,3,60,1,296,9,5,0,52.52
2022-04-06,Blantons,2022,4,6,2,0,1,0,0,0,0,0,0,0,61,2,297,10,6,1,51.8
2022-04-07,Weller,2022,4,7,3,0,0,0,0,0,0,0,1,1,62,3,298,11,7,0,48.74
2022-04-08,Taylor,2022,4,8,4,0,0,0,0,0,0,1,0,2,63,4,299,12,0,1,42.620000000000005
2022-04-09,Blantons,2022,4,9,5,0,1,0,0,0,0,0,0,0,64,5,300,13,1,2,39.2
2022-04-10,Eagle Rare,2022,4,10,6,0,0,0,1,0,0,0,0,1,65,0,301,14,2,3,46.58
2022-04-11,Weller,2022,4,11,0,0,0,0,0,0,0,0,1,2,66,1,302,15,3,0,60.26
2022-04-12,Sazerac,2022,4,12,1,0,0,0,0,0,1,0,0,3,67,2,303,0,4,1,60.62
2022-04-13,Eagle Rare,2022,4,13,2,0,0,0,1,0,0,0,0,4,68,0,304,1,5,2,66.92
2022-04-14,Weller,2022,4,14,3,0,0,0,0,0,0,0,1,5,69,1,305,2,6,0,55.04
2022-04-15,Blantons,2022,4,15,4,0,1,0,0,0,0,0,0,0,70,2,306,3,7,1,56.3
2022-04-16,Taylor,2022,4,16,5,0,0,0,0,0,0,1,0,1,71,3,307,4,0,2,58.1
2022-04-17,Closed,2022,4,17,6,0,0,1,0,0,0,0,0,2,0,4,308,5,1,3,46.94
2022-04-18,Sazerac,2022,4,18,0,0,0,0,0,0,1,0,0,3,1,5,309,0,2,4,44.42
2022-04-19,Weller,2022,4,19,1,0,0,0,0,0,0,0,1,4,2,6,310,1,3,0,43.519999999999996
2022-04-20,Blantons,2022,4,20,2,0,1,0,0,0,0,0,0,0,3,7,311,2,4,1,55.58
2022-04-21,Eagle Rare,2022,4,21,3,0,0,0,1,0,0,0,0,1,4,0,312,3,5,2,61.34
2022-04-22,Blantons,2022,4,22,4,0,1,0,0,0,0,0,0,0,5,1,313,4,6,3,65.84
2022-04-23,Taylor,2022,4,23,5,0,0,0,0,0,0,1,0,1,6,2,314,5,0,4,72.32
2022-04-24,Weller,2022,4,24,6,0,0,0,0,0,0,0,1,2,7,3,315,6,1,0,73.94
2022-04-25,Taylor,2022,4,25,0,0,0,0,0,0,0,1,0,3,8,4,316,7,0,1,69.08
2022-04-26,Blantons,2022,4,26,1,0,1,0,0,0,0,0,0,0,9,5,317,8,1,2,52.879999999999995
2022-04-27,Eagle Rare,2022,4,27,2,0,0,0,1,0,0,0,0,1,10,0,318,9,2,3,53.06
2022-04-28,Taylor,2022,4,28,3,0,0,0,0,0,0,1,0,2,11,1,319,10,0,4,56.66
2022-04-29,Weller,2022,4,29,4,0,0,0,0,0,0,0,1,3,12,2,320,11,1,0,62.959999999999994
2022-04-30,Eagle Rare,2022,4,30,5,0,0,0,1,0,0,0,0,4,13,0,321,12,2,1,69.44
2022-05-01,Blantons,2022,5,1,6,0,1,0,0,0,0,0,0,0,14,1,322,13,3,2,69.62
2022-05-02,Eagle Rare,2022,5,2,0,0,0,0,1,0,0,0,0,1,15,0,323,14,4,3,62.6
2022-05-03,Weller,2022,5,3,1,0,0,0,0,0,0,0,1,2,16,1,324,15,5,0,69.8
2022-05-04,Blantons,2022,5,4,2,0,1,0,0,0,0,0,0,0,17,2,325,16,6,1,60.08
2022-05-05,Weller,2022,5,5,3,0,0,0,0,0,0,0,1,1,18,3,326,17,7,0,63.32
2022-05-06,Blantons,2022,5,6,4,0,1,0,0,0,0,0,0,0,19,4,327,18,8,1,66.2
2022-05-07,Taylor,2022,5,7,5,0,0,0,0,0,0,1,0,1,20,5,328,19,0,2,56.48
2022-05-08,Blantons,2022,5,8,6,0,1,0,0,0,0,0,0,0,21,6,329,20,1,3,60.08
2022-05-09,Weller,2022,5,9,0,0,0,0,0,0,0,0,1,1,22,7,330,21,2,0,66.2
2022-05-10,Blantons,2022,5,10,1,0,1,0,0,0,0,0,0,0,23,8,331,22,3,1,71.42
2022-05-11,Eagle Rare,2022,5,11,2,0,0,0,1,0,0,0,0,1,24,0,332,23,4,2,74.66
2022-05-12,Blantons,2022,5,12,3,0,1,0,0,0,0,0,0,0,25,1,333,24,5,3,69.25999999999999
2022-05-13,Taylor,2022,5,13,4,0,0,0,0,0,0,1,0,1,26,2,334,25,0,4,72.14
2022-05-14,Blantons,2022,5,14,5,0,1,0,0,0,0,0,0,0,27,3,335,26,1,5,69.8
2022-05-15,Sazerac,2022,5,15,6,0,0,0,0,0,1,0,0,1,28,4,336,0,2,6,71.24000000000001
2022-05-16,Eagle Rare,2022,5,16,0,0,0,0,1,0,0,0,0,2,29,0,337,1,3,7,67.28
2022-05-17,Blantons,2022,5,17,1,0,1,0,0,0,0,0,0,0,30,1,338,2,4,8,69.25999999999999
2022-05-18,Sazerac,2022,5,18,2,0,0,0,0,0,1,0,0,1,31,2,339,0,5,9,67.64
2022-05-19,Blantons,2022,5,19,3,0,1,0,0,0,0,0,0,0,32,3,340,1,6,10,70.34
2022-05-20,Weller,2022,5,20,4,0,0,0,0,0,0,0,1,1,33,4,341,2,7,0,79.7
2022-05-21,Taylor,2022,5,21,5,0,0,0,0,0,0,1,0,2,34,5,342,3,0,1,75.38
2022-05-22,Eagle Rare,2022,5,22,6,0,0,0,1,0,0,0,0,3,35,0,343,4,1,2,66.56
2022-05-23,Blantons,2022,5,23,0,0,1,0,0,0,0,0,0,0,36,1,344,5,2,3,56.84
2022-05-24,Eagle Rare,2022,5,24,1,0,0,0,1,0,0,0,0,1,37,0,345,6,3,4,62.78
2022-05-25,Weller,2022,5,25,2,0,0,0,0,0,0,0,1,2,38,1,346,7,4,0,75.02
2022-05-26,Blantons,2022,5,26,3,0,1,0,0,0,0,0,0,0,39,2,347,8,5,1,69.62
2022-05-27,Taylor,2022,5,27,4,0,0,0,0,0,0,1,0,1,40,3,348,9,0,2,63.86
2022-05-28,Eagle Rare,2022,5,28,5,0,0,0,1,0,0,0,0,2,41,0,349,10,1,3,66.2
2022-05-29,Weller,2022,5,29,6,0,0,0,0,0,0,0,1,3,42,1,350,11,2,0,70.88
2022-05-30,Taylor,2022,5,30,0,0,0,0,0,0,0,1,0,4,43,2,351,12,0,1,77.54
2022-05-31,Eagle Rare,2022,5,31,1,0,0,0,1,0,0,0,0,5,44,0,352,13,1,2,78.25999999999999
2022-06-01,Blantons,2022,6,1,2,0,1,0,0,0,0,0,0,0,45,1,353,14,2,3,78.62
2022-06-02,Taylor,2022,6,2,3,0,0,0,0,0,0,1,0,1,46,2,354,15,0,4,71.6
2022-06-03,Weller,2022,6,3,4,0,0,0,0,0,0,0,1,2,47,3,355,16,1,0,69.62
2022-06-04,Taylor,2022,6,4,5,0,0,0,0,0,0,1,0,3,48,4,356,17,0,1,69.44
2022-06-05,Eagle Rare,2022,6,5,6,0,0,0,1,0,0,0,0,4,49,0,357,18,1,2,71.06
2022-06-06,Blantons,2022,6,6,0,0,1,0,0,0,0,0,0,0,50,1,358,19,2,3,72.86
2022-06-07,Weller,2022,6,7,1,0,0,0,0,0,0,0,1,1,51,2,359,20,3,0,73.75999999999999
2022-06-08,Eagle Rare,2022,6,8,2,0,0,0,1,0,0,0,0,2,52,0,360,21,4,1,76.1
2022-06-09,Blantons,2022,6,9,3,0,1,0,0,0,0,0,0,0,53,1,361,22,5,2,68.18
2022-06-10,Taylor,2022,6,10,4,0,0,0,0,0,0,1,0,1,54,2,362,23,0,3,66.02
2022-06-11,Blantons,2022,6,11,5,0,1,0,0,0,0,0,0,0,55,3,363,24,1,4,71.6
2022-06-12,Sazerac,2022,6,12,6,0,0,0,0,0,1,0,0,1,56,4,364,0,2,5,77.72
2022-06-13,Eagle Rare,2022,6,13,0,0,0,0,1,0,0,0,0,2,57,0,365,1,3,6,84.91999999999999
2022-06-14,Blantons,2022,6,14,1,0,1,0,0,0,0,0,0,0,58,1,366,2,4,7,86.0
2022-06-15,Taylor,2022,6,15,2,0,0,0,0,0,0,1,0,1,59,2,367,3,0,8,84.91999999999999
2022-06-16,Blantons,2022,6,16,3,0,1,0,0,0,0,0,0,0,60,3,368,4,1,9,84.91999999999999
2022-06-17,Weller,2022,6,17,4,0,0,0,0,0,0,0,1,1,61,4,369,5,2,0,79.88
2022-06-18,Taylor,2022,6,18,5,0,0,0,0,0,0,1,0,2,62,5,370,6,0,1,71.96
2022-06-19,Sazerac,2022,6,19,6,0,0,0,0,0,1,0,0,3,63,6,371,0,1,2,68.0
2022-06-20,Weller,2022,6,20,0,0,0,0,0,0,0,0,1,4,64,7,372,1,2,0,71.06
2022-06-21,Blantons,2022,6,21,1,0,1,0,0,0,0,0,0,0,65,8,373,2,3,1,77.36
2022-06-22,Eagle Rare,2022,6,22,2,0,0,0,1,0,0,0,0,1,66,0,374,3,4,2,78.25999999999999
2022-06-23,Taylor,2022,6,23,3,0,0,0,0,0,0,1,0,2,67,1,375,4,0,3,76.1
2022-06-24,Blantons,2022,6,24,4,0,1,0,0,0,0,0,0,0,68,2,376,5,1,4,76.28
2022-06-25,Eagle Rare,2022,6,25,5,0,0,0,1,0,0,0,0,1,69,0,377,6,2,5,78.08
2022-06-26,Taylor,2022,6,26,6,0,0,0,0,0,0,1,0,2,70,1,378,7,0,6,80.6
2022-06-27,Blantons,2022,6,27,0,0,1,0,0,0,0,0,0,0,71,2,379,8,1,7,72.86
2022-06-28,Eagle Rare,2022,6,28,1,0,0,0,1,0,0,0,0,1,72,0,380,9,2,8,68.54
2022-06-29,Blantons,2022,6,29,2,0,1,0,0,0,0,0,0,0,73,1,381,10,3,9,70.52
2022-06-30,Weller,2022,6,30,3,0,0,0,0,0,0,0,1,1,74,2,382,11,4,0,77.18
2022-07-01,Eagle Rare,2022,7,1,4,0,0,0,1,0,0,0,0,2,75,0,383,12,5,1,82.94
2022-07-02,Taylor,2022,7,2,5,0,0,0,0,0,0,1,0,3,76,1,384,13,0,2,82.4
2022-07-03,Blantons,2022,7,3,6,0,1,0,0,0,0,0,0,0,77,2,385,14,1,3,76.64
2022-07-04,Closed,2022,7,4,0,0,0,1,0,0,0,0,0,1,0,3,386,15,2,4,80.24000000000001
2022-07-05,Weller,2022,7,5,1,0,0,0,0,0,0,0,1,2,1,4,387,16,3,0,86.18
2022-07-06,Blantons,2022,7,6,2,0,1,0,0,0,0,0,0,0,2,5,388,17,4,1,82.22
2022-07-07,Weller,2022,7,7,3,0,0,0,0,0,0,0,1,1,3,6,389,18,5,0,77.9
2022-07-08,Taylor,2022,7,8,4,0,0,0,0,0,0,1,0,2,4,7,390,19,0,1,75.38
2022-07-09,Eagle Rare,2022,7,9,5,0,0,0,1,0,0,0,0,3,5,0,391,20,1,2,72.68
2022-07-10,Blantons,2022,7,10,6,0,1,0,0,0,0,0,0,0,6,1,392,21,2,3,76.82
2022-07-11,Taylor,2022,7,11,0,0,0,0,0,0,0,1,0,1,7,2,393,22,0,4,78.25999999999999
2022-07-12,Blantons,2022,7,12,1,0,1,0,0,0,0,0,0,0,8,3,394,23,1,5,79.88
2022-07-13,Eagle Rare,2022,7,13,2,0,0,0,1,0,0,0,0,1,9,0,395,24,2,6,75.38
2022-07-14,Taylor,2022,7,14,3,0,0,0,0,0,0,1,0,2,10,1,396,25,0,7,75.92
2022-07-15,Blantons,2022,7,15,4,0,1,0,0,0,0,0,0,0,11,2,397,26,1,8,75.38
2022-07-16,Weller,2022,7,16,5,0,0,0,0,0,0,0,1,1,12,3,398,27,2,0,80.42
2022-07-17,Eagle Rare,2022,7,17,6,0,0,0,1,0,0,0,0,2,13,0,399,28,3,1,77.9
2022-07-18,Weller,2022,7,18,0,0,0,0,0,0,0,0,1,3,14,1,400,29,4,0,74.84
2022-07-19,Eagle Rare,2022,7,19,1,0,0,0,1,0,0,0,0,4,15,0,401,30,5,1,78.62
2022-07-20,Blantons,2022,7,20,2,0,1,0,0,0,0,0,0,0,16,1,402,31,6,2,83.3
2022-07-21,Eagle Rare,2022,7,21,3,0,0,0,1,0,0,0,0,1,17,0,403,32,7,3,80.78
2022-07-22,Blantons,2022,7,22,4,0,1,0,0,0,0,0,0,0,18,1,404,33,8,4,80.42
2022-07-23,Taylor,2022,7,23,5,0,0,0,0,0,0,1,0,1,19,2,405,34,0,5,82.4
2022-07-24,Weller,2022,7,24,6,0,0,0,0,0,0,0,1,2,20,3,406,35,1,0,82.94
2022-07-25,Blantons,2022,7,25,0,0,1,0,0,0,0,0,0,0,21,4,407,36,2,1,78.08
2022-07-26,Weller,2022,7,26,1,0,0,0,0,0,0,0,1,1,22,5,408,37,3,0,75.38
2022-07-27,Sazerac,2022,7,27,2,0,0,0,0,0,1,0,0,2,23,6,409,0,4,1,79.52
2022-07-28,Blantons,2022,7,28,3,0,1,0,0,0,0,0,0,0,24,7,410,1,5,2,78.62
2022-07-29,Taylor,2022,7,29,4,0,0,0,0,0,0,1,0,1,25,8,411,2,0,3,74.84
2022-07-30,Eagle Rare,2022,7,30,5,0,0,0,1,0,0,0,0,2,26,0,412,3,1,4,71.6
2022-07-31,Blantons,2022,7,31,6,0,1,0,0,0,0,0,0,0,27,1,413,4,2,5,71.42
2022-08-01,Taylor,2022,8,1,0,0,0,0,0,0,0,1,0,1,28,2,414,5,0,6,78.44
2022-08-02,Eagle Rare,2022,8,2,1,0,0,0,1,0,0,0,0,2,29,0,415,6,1,7,78.8
2022-08-03,Weller,2022,8,3,2,0,0,0,0,0,0,0,1,3,30,1,416,7,2,0,80.96
2022-08-04,Eagle Rare,2022,8,4,3,0,0,0,1,0,0,0,0,4,31,0,417,8,3,1,79.16
2022-08-05,Blantons,2022,8,5,4,0,1,0,0,0,0,0,0,0,32,1,418,9,4,2,75.92
2022-08-06,Sazerac,2022,8,6,5,0,0,0,0,0,1,0,0,1,33,2,419,0,5,3,76.28
2022-08-07,Taylor,2022,8,7,6,0,0,0,0,0,0,1,0,2,34,3,420,1,0,4,76.28
2022-08-08,Eagle Rare,2022,8,8,0,0,0,0,1,0,0,0,0,3,35,0,421,2,1,5,80.24000000000001
2022-08-09,Blantons,2022,8,9,1,0,1,0,0,0,0,0,0,0,36,1,422,3,2,6,80.42
2022-08-10,Taylor,2022,8,10,2,0,0,0,0,0,0,1,0,1,37,2,423,4,0,7,75.56
2022-08-11,Weller,2022,8,11,3,0,0,0,0,0,0,0,1,2,38,3,424,5,1,0,76.82
2022-08-12,Blantons,2022,8,12,4,0,1,0,0,0,0,0,0,0,39,4,425,6,2,1,72.86
2022-08-13,Eagle Rare,2022,8,13,5,0,0,0,1,0,0,0,0,1,40,0,426,7,3,2,69.8
2022-08-14,Taylor,2022,8,14,6,0,0,0,0,0,0,1,0,2,41,1,427,8,0,3,72.86
2022-08-15,Eagle Rare,2022,8,15,0,0,0,0,1,0,0,0,0,3,42,0,428,9,1,4,72.32
2022-08-16,Blantons,2022,8,16,1,0,1,0,0,0,0,0,0,0,43,1,429,10,2,5,72.32
2022-08-17,Eagle Rare,2022,8,17,2,0,0,0,1,0,0,0,0,1,44,0,430,11,3,6,71.78
2022-08-18,Blantons,2022,8,18,3,0,1,0,0,0,0,0,0,0,45,1,431,12,4,7,72.14
2022-08-19,Taylor,2022,8,19,4,0,0,0,0,0,0,1,0,1,46,2,432,13,0,8,73.75999999999999
2022-08-20,Weller,2022,8,20,5,0,0,0,0,0,0,0,1,2,47,3,433,14,1,0,75.38
2022-08-21,Blantons,2022,8,21,6,0,1,0,0,0,0,0,0,0,48,4,434,15,2,1,74.84
2022-08-22,Taylor,2022,8,22,0,0,0,0,0,0,0,1,0,1,49,5,435,16,0,2,72.68
2022-08-23,Weller,2022,8,23,1,0,0,0,0,0,0,0,1,2,50,6,436,17,1,0,71.78
2022-08-24,Eagle Rare,2022,8,24,2,0,0,0,1,0,0,0,0,3,51,0,437,18,2,1,72.5
2022-08-25,Taylor,2022,8,25,3,0,0,0,0,0,0,1,0,4,52,1,438,19,0,2,73.4
2022-08-26,Eagle Rare,2022,8,26,4,0,0,0,1,0,0,0,0,5,53,0,439,20,1,3,74.66
2022-08-27,Weller,2022,8,27,5,0,0,0,0,0,0,0,1,6,54,1,440,21,2,0,77.18
2022-08-28,Blantons,2022,8,28,6,0,1,0,0,0,0,0,0,0,55,2,441,22,3,1,79.7
2022-08-29,Taylor,2022,8,29,0,0,0,0,0,0,0,1,0,1,56,3,442,23,0,2,78.62
2022-08-30,Blantons,2022,8,30,1,0,1,0,0,0,0,0,0,0,57,4,443,24,1,3,75.56
2022-08-31,Weller,2022,8,31,2,0,0,0,0,0,0,0,1,1,58,5,444,25,2,0,70.52
2022-09-01,Blantons,2022,9,1,3,0,1,0,0,0,0,0,0,0,59,6,445,26,3,1,70.88
2022-09-02,Taylor,2022,9,2,4,0,0,0,0,0,0,1,0,1,60,7,446,27,0,2,73.4
2022-09-03,Blantons,2022,9,3,5,0,1,0,0,0,0,0,0,0,61,8,447,28,1,3,75.56
2022-09-04,Weller,2022,9,4,6,0,0,0,0,0,0,0,1,1,62,9,448,29,2,0,74.84
2022-09-05,Eagle Rare,2022,9,5,0,0,0,0,1,0,0,0,0,2,63,0,449,30,3,1,74.66
2022-09-06,Taylor,2022,9,6,1,0,0,0,0,0,0,1,0,3,64,1,450,31,0,2,72.14
2022-09-07,Blantons,2022,9,7,2,0,1,0,0,0,0,0,0,0,65,2,451,32,1,3,72.32
2022-09-08,Weller,2022,9,8,3,0,0,0,0,0,0,0,1,1,66,3,452,33,2,0,68.0
2022-09-09,Blantons,2022,9,9,4,0,1,0,0,0,0,0,0,0,67,4,453,34,3,1,71.6
2022-09-10,Eagle Rare,2022,9,10,5,0,0,0,1,0,0,0,0,1,68,0,454,35,4,2,72.32
2022-09-11,Sazerac,2022,9,11,6,0,0,0,0,0,1,0,0,2,69,1,455,0,5,3,72.32
2022-09-12,Weller,2022,9,12,0,0,0,0,0,0,0,0,1,3,70,2,456,1,6,0,67.1
2022-09-13,Eagle Rare,2022,9,13,1,0,0,0,1,0,0,0,0,4,71,0,457,2,7,1,63.86
2022-09-14,Weller,2022,9,14,2,0,0,0,0,0,0,0,1,5,72,1,458,3,8,0,68.18
2022-09-15,Sazerac,2022,9,15,3,0,0,0,0,0,1,0,0,6,73,2,459,0,9,1,68.54
2022-09-16,Taylor,2022,9,16,4,0,0,0,0,0,0,1,0,7,74,3,460,1,0,2,68.72
2022-09-17,Blantons,2022,9,17,5,0,1,0,0,0,0,0,0,0,75,4,461,2,1,3,70.52
2022-09-18,Eagle Rare,2022,9,18,6,0,0,0,1,0,0,0,0,1,76,0,462,3,2,4,70.34
2022-09-19,Blantons,2022,9,19,0,0,1,0,0,0,0,0,0,0,77,1,463,4,3,5,74.48
2022-09-20,Weller,2022,9,20,1,0,0,0,0,0,0,0,1,1,78,2,464,5,4,0,74.48
2022-09-21,Eagle Rare,2022,9,21,2,0,0,0,1,0,0,0,0,2,79,0,465,6,5,1,77.9
2022-09-22,Taylor,2022,9,22,3,0,0,0,0,0,0,1,0,3,80,1,466,7,0,2,69.8
2022-09-23,Eagle Rare,2022,9,23,4,0,0,0,1,0,0,0,0,4,81,0,467,8,1,3,59.540000000000006
2022-09-24,Sazerac,2022,9,24,5,0,0,0,0,0,1,0,0,5,82,1,468,0,2,4,65.3
2022-09-25,Blantons,2022,9,25,6,0,1,0,0,0,0,0,0,0,83,2,469,1,3,5,66.56
2022-09-26,Weller,2022,9,26,0,0,0,0,0,0,0,0,1,1,84,3,470,2,4,0,61.7
2022-09-27,Sazerac,2022,9,27,1,0,0,0,0,0,1,0,0,2,85,4,471,0,5,1,54.5
2022-09-28,Weller,2022,9,28,2,0,0,0,0,0,0,0,1,3,86,5,472,1,6,0,50.54
2022-09-29,Blantons,2022,9,29,3,0,1,0,0,0,0,0,0,0,87,6,473,2,7,1,55.4
2022-09-30,Taylor,2022,9,30,4,0,0,0,0,0,0,1,0,1,88,7,474,3,0,2,59.0
2022-10-01,Eagle Rare,2022,10,1,5,0,0,0,1,0,0,0,0,2,89,0,475,4,1,3,62.42
2022-10-02,Blantons,2022,10,2,6,0,1,0,0,0,0,0,0,0,90,1,476,5,2,4,62.959999999999994
2022-10-03,Taylor,2022,10,3,0,0,0,0,0,0,0,1,0,1,91,2,477,6,0,5,58.64
2022-10-04,Sazerac,2022,10,4,1,0,0,0,0,0,1,0,0,2,92,3,478,0,1,6,53.42
2022-10-05,Blantons,2022,10,5,2,0,1,0,0,0,0,0,0,0,93,4,479,1,2,7,55.58
2022-10-06,Eagle Rare,2022,10,6,3,0,0,0,1,0,0,0,0,1,94,0,480,2,3,8,57.74
2022-10-07,Blantons,2022,10,7,4,0,1,0,0,0,0,0,0,0,95,1,481,3,4,9,55.58
2022-10-08,Weller,2022,10,8,5,0,0,0,0,0,0,0,1,1,96,2,482,4,5,0,46.04
2022-10-09,Taylor,2022,10,9,6,0,0,0,0,0,0,1,0,2,97,3,483,5,0,1,46.22
2022-10-10,Eagle Rare,2022,10,10,0,0,0,0,1,0,0,0,0,3,98,0,484,6,1,2,52.7
2022-10-11,Sazerac,2022,10,11,1,0,0,0,0,0,1,0,0,4,99,1,485,0,2,3,57.02
2022-10-12,Weller,2022,10,12,2,0,0,0,0,0,0,0,1,5,100,2,486,1,3,0,64.4
2022-10-13,Eagle Rare,2022,10,13,3,0,0,0,1,0,0,0,0,6,101,0,487,2,4,1,58.459999999999994
2022-10-14,Taylor,2022,10,14,4,0,0,0,0,0,0,1,0,7,102,1,488,3,0,2,53.06
2022-10-15,Sazerac,2022,10,15,5,0,0,0,0,0,1,0,0,8,103,2,489,0,1,3,60.08
2022-10-16,Blantons,2022,10,16,6,0,1,0,0,0,0,0,0,0,104,3,490,1,2,4,53.06
2022-10-17,Weller,2022,10,17,0,0,0,0,0,0,0,0,1,1,105,4,491,2,3,0,46.04
2022-10-18,Blantons,2022,10,18,1,0,1,0,0,0,0,0,0,0,106,5,492,3,4,1,40.28
2022-10-19,Eagle Rare,2022,10,19,2,0,0,0,1,0,0,0,0,1,107,0,493,4,5,2,43.7
2022-10-20,Taylor,2022,10,20,3,0,0,0,0,0,0,1,0,2,108,1,494,5,0,3,42.44
2022-10-21,Weller,2022,10,21,4,0,0,0,0,0,0,0,1,3,109,2,495,6,1,0,53.24
2022-10-22,Blantons,2022,10,22,5,0,1,0,0,0,0,0,0,0,110,3,496,7,2,1,62.059999999999995
2022-10-23,Eagle Rare,2022,10,23,6,1,0,0,1,0,1,0,0,1,111,0,497,0,3,2,64.22
2022-10-24,Taylor,2022,10,24,0,0,0,0,0,0,0,1,0,2,112,1,498,1,0,3,61.34
2022-10-25,Sazerac,2022,10,25,1,0,0,0,0,0,1,0,0,3,113,2,499,0,1,4,66.38
2022-10-26,Weller,2022,10,26,2,0,0,0,0,0,0,0,1,4,114,3,500,1,2,0,51.08
2022-10-27,Blantons,2022,10,27,3,0,1,0,0,0,0,0,0,0,115,4,501,2,3,1,47.120000000000005
2022-10-28,Taylor,2022,10,28,4,0,0,0,0,0,0,1,0,1,116,5,502,3,0,2,53.42
2022-10-29,Eagle Rare,2022,10,29,5,0,0,0,1,0,0,0,0,2,117,0,503,4,1,3,54.32
2022-10-30,Blantons,2022,10,30,6,0,1,0,0,0,0,0,0,0,118,1,504,5,2,4,56.48
2022-10-31,Taylor,2022,10,31,0,0,0,0,0,0,0,1,0,1,119,2,505,6,0,5,61.7
2022-11-01,Weller,2022,11,1,1,0,0,0,0,0,0,0,1,2,120,3,506,7,1,0,57.379999999999995
2022-11-02,Blantons,2022,11,2,2,0,1,0,0,0,0,0,0,0,121,4,507,8,2,1,54.68
2022-11-03,Eagle Rare,2022,11,3,3,0,0,0,1,0,0,0,0,1,122,0,508,9,3,2,56.3
2022-11-04,Blantons,2022,11,4,4,1,1,0,0,0,1,0,0,0,123,1,509,0,4,3,62.959999999999994
2022-11-05,Taylor,2022,11,5,5,1,0,0,0,0,1,1,0,1,124,2,510,0,0,4,68.54
2022-11-06,Weller,2022,11,6,6,0,0,0,0,0,0,0,1,2,125,3,511,1,1,0,63.32
2022-11-07,Eagle Rare,2022,11,7,0,1,0,0,1,0,1,0,0,3,126,0,512,0,2,1,58.1
2022-11-08,Weller,2022,11,8,1,1,0,0,0,0,1,0,1,4,127,1,513,0,3,0,55.4
2022-11-09,Blantons,2022,11,9,2,1,1,0,0,0,1,0,0,0,128,2,514,0,4,1,57.02
2022-11-10,Eagle Rare,2022,11,10,3,1,0,0,1,0,1,0,0,1,129,0,515,0,5,2,59.36
2022-11-11,Taylor,2022,11,11,4,1,0,0,0,0,1,1,0,2,130,1,516,0,0,3,58.64
2022-11-12,Blantons,2022,11,12,5,1,1,0,0,0,1,0,0,0,131,2,517,0,1,4,35.96
2022-11-13,Weller,2022,11,13,6,1,0,0,0,0,1,0,1,1,132,3,518,0,2,0,33.44
2022-11-14,Taylor,2022,11,14,0,1,0,0,0,0,1,1,0,2,133,4,519,0,0,1,36.86
2022-11-15,Weller,2022,11,15,1,1,0,0,0,0,1,0,1,3,134,5,520,0,1,0,39.92
2022-11-16,Eagle Rare,2022,11,16,2,1,0,0,1,0,1,0,0,4,135,0,521,0,2,1,36.86
2022-11-17,Blantons,2022,11,17,3,1,1,0,0,0,1,0,0,0,136,1,522,0,3,2,29.3
2022-11-18,Weller,2022,11,18,4,1,0,0,0,0,1,0,1,1,137,2,523,0,4,0,30.56
2022-11-19,Eagle Rare,2022,11,19,5,1,0,0,1,0,1,0,0,2,138,0,524,0,5,1,27.86
2022-11-20,Taylor,2022,11,20,6,1,0,0,0,0,1,1,0,3,139,1,525,0,0,2,26.060000000000002
2022-11-21,Weller,2022,11,21,0,1,0,0,0,0,1,0,1,4,140,2,526,0,1,0,31.28
2022-11-22,Taylor,2022,11,22,1,1,0,0,0,0,1,1,0,5,141,3,527,0,0,1,36.68
2022-11-23,Eagle Rare,2022,11,23,2,1,0,0,1,0,1,0,0,6,142,0,528,0,1,2,39.56
2022-11-24,Closed,2022,11,24,3,0,0,1,0,0,0,0,0,7,0,1,529,1,2,3,48.02
2022-11-25,Blantons,2022,11,25,4,1,1,0,0,0,1,0,0,0,1,2,530,0,3,4,49.82
2022-11-26,Taylor,2022,11,26,5,1,0,0,0,0,1,1,0,1,2,3,531,0,0,5,42.44
2022-11-27,Weller,2022,11,27,6,1,0,0,0,0,1,0,1,2,3,4,532,0,1,0,51.98
2022-11-28,Blantons,2022,11,28,0,1,1,0,0,0,1,0,0,0,4,5,533,0,2,1,45.86
2022-11-29,Weller,2022,11,29,1,1,0,0,0,0,1,0,1,1,5,6,534,0,3,0,53.24
2022-11-30,Taylor,2022,11,30,2,1,0,0,0,0,1,1,0,2,6,7,535,0,0,1,41.72
2022-12-01,Eagle Rare,2022,12,1,3,1,0,0,1,0,1,0,0,3,7,0,536,0,1,2,30.56
2022-12-02,Blantons,2022,12,2,4,1,1,0,0,0,1,0,0,0,8,1,537,0,2,3,45.14
2022-12-03,Weller,2022,12,3,5,1,0,0,0,0,1,0,1,1,9,2,538,0,3,0,48.74
2022-12-04,Taylor,2022,12,4,6,1,0,0,0,0,1,1,0,2,10,3,539,0,0,1,31.1
2022-12-05,Blantons,2022,12,5,0,1,1,0,0,0,1,0,1,0,11,4,540,0,1,0,35.96
2022-12-06,Weller,2022,12,6,1,1,0,0,0,0,1,0,1,1,12,5,541,0,2,0,54.86
2022-12-07,Taylor,2022,12,7,2,1,0,0,0,0,1,1,0,2,13,6,542,0,0,1,57.02
2022-12-08,Blantons,2022,12,8,3,1,1,0,0,0,1,0,0,0,14,7,543,0,1,2,48.74
2022-12-09,Eagle Rare,2022,12,9,4,1,0,0,1,0,1,0,0,1,15,0,544,0,2,3,48.02
2022-12-10,Weller,2022,12,10,5,1,0,0,0,0,1,0,1,2,16,1,545,0,3,0,45.5
2022-12-11,Blantons,2022,12,11,6,1,1,0,0,0,1,0,0,0,17,2,546,0,4,1,45.14
2022-12-12,Weller,2022,12,12,0,1,0,0,0,0,1,0,1,1,18,3,547,0,5,0,41.36
2022-12-13,Taylor,2022,12,13,1,1,0,0,0,0,1,1,0,2,19,4,548,0,0,1,40.28
2022-12-14,Blantons,2022,12,14,2,1,1,0,0,0,1,0,1,0,20,5,549,0,1,0,49.64
2022-12-15,Weller,2022,12,15,3,1,0,0,0,0,1,0,1,1,21,6,550,0,2,0,46.04
2022-12-16,Blantons,2022,12,16,4,1,1,0,0,0,1,0,0,0,22,7,551,0,3,1,38.48
2022-12-17,Eagle Rare,2022,12,17,5,1,0,0,1,0,1,0,0,1,23,0,552,0,4,2,32.9
2022-12-18,Weller,2022,12,18,6,1,0,0,0,0,1,0,1,2,24,1,553,0,5,0,29.48
2022-12-19,Eagle Rare,2022,12,19,0,1,0,0,1,0,1,0,0,3,25,0,554,0,6,1,27.32
2022-12-20,Blantons,2022,12,20,1,1,1,0,0,0,1,0,0,0,26,1,555,0,7,2,34.7
2022-12-21,Weller,2022,12,21,2,1,0,0,0,0,1,0,1,1,27,2,556,0,8,0,33.26
2022-12-22,Taylor,2022,12,22,3,1,0,0,0,0,1,1,0,2,28,3,557,0,0,1,42.8
2022-12-23,Closed,2022,12,23,4,0,0,1,0,0,0,0,0,3,0,4,558,1,1,2,-0.759999999999998
2022-12-24,Blantons,2022,12,24,5,1,1,0,0,0,1,0,0,0,1,5,559,0,2,3,8.600000000000001
2022-12-25,Closed,2022,12,25,6,0,0,1,0,0,0,0,0,1,0,6,560,1,3,4,13.279999999999998
2022-12-26,Eagle Rare,2022,12,26,0,1,0,0,1,0,1,0,0,2,1,0,561,0,4,5,21.74
2022-12-27,Weller,2022,12,27,1,1,0,0,0,0,1,0,1,3,2,1,562,0,5,0,29.48
2022-12-28,Blantons,2022,12,28,2,1,1,0,0,0,1,0,0,0,3,2,563,0,6,1,37.04
2022-12-29,Eagle Rare,2022,12,29,3,1,0,0,1,0,1,0,0,1,4,0,564,0,7,2,55.76
2022-12-30,Weller,2022,12,30,4,1,0,0,0,0,1,0,1,2,5,1,565,0,8,0,59.540000000000006
2022-12-31,Blantons,2022,12,31,5,1,1,0,0,0,1,0,0,0,6,2,566,0,9,1,53.24
2023-01-01,Closed,2023,1,1,6,0,0,1,0,0,0,0,0,1,0,3,567,1,10,2,48.92
2023-01-02,Weller,2023,1,2,0,0,0,0,0,0,0,0,1,2,1,4,568,2,11,0,55.94
2023-01-03,Blantons,2023,1,3,1,0,1,0,0,0,0,0,0,0,2,5,569,3,12,1,60.440000000000005
2023-01-04,Taylor,2023,1,4,2,0,0,0,0,0,0,1,0,1,3,6,570,4,0,2,56.48
2023-01-05,Eagle Rare,2023,1,5,3,0,0,0,1,0,0,0,0,2,4,0,571,5,1,3,41.9
2023-01-06,Blantons,2023,1,6,4,0,1,0,0,0,0,0,0,0,5,1,572,6,2,4,37.04
2023-01-07,Taylor,2023,1,7,5,0,0,0,0,0,0,1,0,1,6,2,573,7,0,5,38.48
2023-01-08,Weller,2023,1,8,6,0,0,0,0,0,0,0,1,2,7,3,574,8,1,0,38.660000000000004
2023-01-09,Taylor,2023,1,9,0,0,0,0,0,0,0,1,0,3,8,4,575,9,0,1,37.04
2023-01-10,Eagle Rare,2023,1,10,1,0,0,0,1,0,0,0,0,4,9,0,576,10,1,2,39.92
2023-01-11,Weller,2023,1,11,2,0,0,0,0,0,0,0,1,5,10,1,577,11,2,0,48.74
2023-01-12,Blantons,2023,1,12,3,0,1,0,0,0,0,0,0,0,11,2,578,12,3,1,51.98
2023-01-13,Taylor,2023,1,13,4,0,0,0,0,0,0,1,0,1,12,3,579,13,0,2,35.6
2023-01-14,Weller,2023,1,14,5,0,0,0,0,0,0,0,1,2,13,4,580,14,1,0,31.82
2023-01-15,Eagle Rare,2023,1,15,6,0,0,0,1,0,0,0,0,3,14,0,581,15,2,1,30.56
2023-01-16,Blantons,2023,1,16,0,0,1,0,0,0,0,0,0,0,15,1,582,16,3,2,38.48
2023-01-17,Taylor,2023,1,17,1,0,0,0,0,0,0,1,0,1,16,2,583,17,0,3,56.120000000000005
2023-01-18,Weller,2023,1,18,2,0,0,0,0,0,0,0,1,2,17,3,584,18,1,0,44.96
2023-01-19,Blantons,2023,1,19,3,0,1,0,0,0,0,0,0,0,18,4,585,19,2,1,54.5
2023-01-20,Taylor,2023,1,20,4,0,0,0,0,0,0,1,0,1,19,5,586,20,0,2,36.68
2023-01-21,Blantons,2023,1,21,5,0,1,0,0,0,0,0,0,0,20,6,587,21,1,3,35.78
2023-01-22,Weller,2023,1,22,6,0,0,0,0,0,0,0,1,1,21,7,588,22,2,0,35.6
2023-01-23,Taylor,2023,1,23,0,0,0,0,0,0,0,1,0,2,22,8,589,23,0,1,34.34
2023-01-24,Blantons,2023,1,24,1,0,1,0,0,0,0,0,0,0,23,9,590,24,1,2,36.68
2023-01-25,Eagle Rare,2023,1,25,2,0,0,0,1,0,0,0,0,1,24,0,591,25,2,3,41.72
2023-01-26,Weller,2023,1,26,3,0,0,0,0,0,0,0,1,2,25,1,592,26,3,0,33.98
2023-01-27,Taylor,2023,1,27,4,0,0,0,0,0,0,1,0,3,26,2,593,27,0,1,36.5
2023-01-28,Weller,2023,1,28,5,0,0,0,0,0,0,0,1,4,27,3,594,28,1,0,47.66
2023-01-29,Blantons,2023,1,29,6,0,1,0,0,0,0,0,0,0,28,4,595,29,2,1,45.32
2023-01-30,Taylor,2023,1,30,0,0,0,0,0,0,0,1,0,1,29,5,596,30,0,2,38.839999999999996
2023-01-31,Blantons,2023,1,31,1,0,1,0,0,0,0,0,0,0,30,6,597,31,1,3,28.4
2023-02-01,Eagle Rare,2023,2,1,2,0,0,0,1,0,0,0,0,1,31,0,598,32,2,4,27.14
2023-02-02,Blantons,2023,2,2,3,0,1,0,0,0,0,0,0,0,32,1,599,33,3,5,30.56
2023-02-03,Weller,2023,2,3,4,0,0,0,0,0,0,0,1,1,33,2,600,34,4,0,25.52
2023-02-04,Taylor,2023,2,4,5,0,0,0,0,0,0,1,0,2,34,3,601,35,0,1,33.8
2023-02-05,Blantons,2023,2,5,6,0,1,0,0,0,0,0,0,0,35,4,602,36,1,2,46.76
2023-02-06,Weller,2023,2,6,0,0,0,0,0,0,0,0,1,1,36,5,603,37,2,0,41.0
2023-02-07,Eagle Rare,2023,2,7,1,0,0,0,1,0,0,0,0,2,37,0,604,38,3,1,53.42
2023-02-08,Blantons,2023,2,8,2,0,1,0,0,0,0,0,0,0,38,1,605,39,4,2,51.620000000000005
2023-02-09,Weller,2023,2,9,3,0,0,0,0,0,0,0,1,1,39,2,606,40,5,0,59.36
2023-02-10,Taylor,2023,2,10,4,0,0,0,0,0,0,1,0,2,40,3,607,41,0,1,42.620000000000005
2023-02-11,Blantons,2023,2,11,5,0,1,0,0,0,0,0,0,0,41,4,608,42,1,2,37.04
2023-02-12,Weller,2023,2,12,6,0,0,0,0,0,0,0,1,1,42,5,609,43,2,0,40.82
2023-02-13,Taylor,2023,2,13,0,0,0,0,0,0,0,1,0,2,43,6,610,44,0,1,42.44
2023-02-14,Blantons,2023,2,14,1,0,1,0,0,0,0,0,0,0,44,7,611,45,1,2,47.66
2023-02-15,Weller,2023,2,15,2,0,0,0,0,0,0,0,1,1,45,8,612,46,2,0,62.6
2023-02-16,Eagle Rare,2023,2,16,3,0,0,0,1,0,0,0,0,2,46,0,613,47,3,1,57.92
2023-02-17,Blantons,2023,2,17,4,0,1,0,0,0,0,0,0,0,47,1,614,48,4,2,34.16
2023-02-18,Taylor,2023,2,18,5,0,0,0,0,0,0,1,0,1,48,2,615,49,0,3,33.62
2023-02-19,Weller,2023,2,19,6,0,0,0,0,0,0,0,1,2,49,3,616,50,1,0,49.82
2023-02-20,Blantons,2023,2,20,0,0,1,0,0,0,0,0,0,0,50,4,617,51,2,1,52.34
2023-02-21,Taylor,2023,2,21,1,0,0,0,0,0,0,1,0,1,51,5,618,52,0,2,48.92
2023-02-22,Weller,2023,2,22,2,0,0,0,0,0,0,0,1,2,52,6,619,53,1,0,62.78
2023-02-23,Blantons,2023,2,23,3,0,1,0,0,0,0,0,0,0,53,7,620,54,2,1,63.5
2023-02-24,Taylor,2023,2,24,4,0,0,0,0,0,0,1,0,1,54,8,621,55,0,2,38.839999999999996
2023-02-25,Weller,2023,2,25,5,0,0,0,0,0,0,0,1,2,55,9,622,56,1,0,42.260000000000005
2023-02-26,Eagle Rare,2023,2,26,6,0,0,0,1,0,0,0,0,3,56,0,623,57,2,1,46.94
2023-02-27,Taylor,2023,2,27,0,0,0,0,0,0,0,1,0,4,57,1,624,58,0,2,60.980000000000004
2023-02-28,Blantons,2023,2,28,1,0,1,0,0,0,0,0,0,0,58,2,625,59,1,3,53.96
2023-03-01,Weller,2023,3,1,2,0,0,0,0,0,0,0,1,1,59,3,626,60,2,0,61.34
2023-03-02,Eagle Rare,2023,3,2,3,0,0,0,1,0,0,0,0,2,60,0,627,61,3,1,52.7
2023-03-03,Taylor,2023,3,3,4,0,0,0,0,0,0,1,0,3,61,1,628,62,0,2,50.0
2023-03-04,Blantons,2023,3,4,5,0,1,0,0,0,0,0,0,0,62,2,629,63,1,3,46.04
2023-03-05,Weller,2023,3,5,6,0,0,0,0,0,0,0,1,1,63,3,630,64,2,0,46.58
2023-03-06,Eagle Rare,2023,3,6,0,0,0,0,1,0,0,0,0,2,64,0,631,65,3,1,58.82
2023-03-07,Blantons,2023,3,7,1,0,1,0,0,0,0,0,0,0,65,1,632,66,4,2,48.74
2023-03-08,Taylor,2023,3,8,2,0,0,0,0,0,0,1,0,1,66,2,633,67,0,3,40.28
2023-03-09,Weller,2023,3,9,3,0,0,0,0,0,0,0,1,2,67,3,634,68,1,0,47.66
2023-03-10,Blantons,2023,3,10,4,0,1,0,0,0,0,0,0,0,68,4,635,69,2,1,42.44
2023-03-11,Taylor,2023,3,11,5,0,0,0,0,0,0,1,0,1,69,5,636,70,0,2,41.0
2023-03-12,Weller,2023,3,12,6,0,0,0,0,0,0,0,1,2,70,6,637,71,1,0,38.48
2023-03-13,Blantons,2023,3,13,0,0,1,0,0,0,0,0,0,0,71,7,638,72,2,1,35.6
2023-03-14,Eagle Rare,2023,3,14,1,0,0,0,1,0,0,0,0,1,72,0,639,73,3,2,33.08
2023-03-15,Taylor,2023,3,15,2,0,0,0,0,0,0,1,0,2,73,1,640,74,0,3,34.52
2023-03-16,Blantons,2023,3,16,3,0,1,0,0,0,0,0,0,0,74,2,641,75,1,4,49.28
2023-03-17,Taylor,2023,3,17,4,0,0,0,0,0,0,1,0,1,75,3,642,76,0,5,43.34
2023-03-18,Weller,2023,3,18,5,0,0,0,0,0,0,0,1,2,76,4,643,77,1,0,30.92
2023-03-19,Blantons,2023,3,19,6,0,1,0,0,0,0,0,0,0,77,5,644,78,2,1,27.32
2023-03-20,Taylor,2023,3,20,0,0,0,0,0,0,0,1,0,1,78,6,645,79,0,2,34.16
2023-03-21,Weller,2023,3,21,1,0,0,0,0,0,0,0,1,2,79,7,646,80,1,0,42.260000000000005
2023-03-22,Blantons,2023,3,22,2,0,1,0,0,0,0,0,0,0,80,8,647,81,2,1,50.0
2023-03-23,Taylor,2023,3,23,3,0,0,0,0,0,0,1,0,1,81,9,648,82,0,2,65.12
2023-03-24,Weller,2023,3,24,4,0,0,0,0,0,0,0,1,2,82,10,649,83,1,0,58.64
2023-03-25,Blantons,2023,3,25,5,0,1,0,0,0,0,0,0,0,83,11,650,84,2,1,56.120000000000005
2023-03-26,Eagle Rare,2023,3,26,6,0,0,0,1,0,0,0,0,1,84,0,651,85,3,2,50.9
2023-03-27,Weller,2023,3,27,0,0,0,0,0,0,0,0,1,2,85,1,652,86,4,0,53.24
2023-03-28,Eagle Rare,2023,3,28,1,0,0,0,1,0,0,0,0,3,86,0,653,87,5,1,44.06
2023-03-29,Blantons,2023,3,29,2,0,1,0,0,0,0,0,0,0,87,1,654,88,6,2,42.8
2023-03-30,Weller,2023,3,30,3,0,0,0,0,0,0,0,1,1,88,2,655,89,7,0,49.82
2023-03-31,Taylor,2023,3,31,4,0,0,0,0,0,0,1,0,2,89,3,656,90,0,1,56.84
2023-04-01,Blantons,2023,4,1,5,0,1,0,0,0,0,0,0,0,90,4,657,91,1,2,55.76
2023-04-02,Weller,2023,4,2,6,0,0,0,0,0,0,0,1,1,91,5,658,92,2,0,48.56
2023-04-03,Eagle Rare,2023,4,3,0,0,0,0,1,0,0,0,0,2,92,0,659,93,3,1,57.02
2023-04-04,Taylor,2023,4,4,1,0,0,0,0,0,0,1,0,3,93,1,660,94,0,2,68.36
2023-04-05,Weller,2023,4,5,2,0,0,0,0,0,0,0,1,4,94,2,661,95,1,0,73.94
2023-04-06,Blantons,2023,4,6,3,0,1,0,0,0,0,0,0,0,95,3,662,96,2,1,48.379999999999995
2023-04-07,Taylor,2023,4,7,4,0,0,0,0,0,0,1,0,1,96,4,663,97,0,2,48.02
2023-04-08,Weller,2023,4,8,5,0,0,0,0,0,0,0,1,2,97,5,664,98,1,0,49.28
2023-04-09,Closed,2023,4,9,6,0,0,1,0,0,0,0,0,3,0,6,665,99,2,1,50.9
2023-04-10,Blantons,2023,4,10,0,0,1,0,0,0,0,0,0,0,1,7,666,100,3,2,53.96
2023-04-11,Taylor,2023,4,11,1,0,0,0,0,0,0,1,0,1,2,8,667,101,0,3,57.2
2023-04-12,Weller,2023,4,12,2,0,0,0,0,0,0,0,1,2,3,9,668,102,1,0,62.059999999999995
2023-04-13,Blantons,2023,4,13,3,0,1,0,0,0,0,0,0,0,4,10,669,103,2,1,62.24
2023-04-14,Eagle Rare,2023,4,14,4,0,0,0,1,0,0,0,0,1,5,0,670,104,3,2,65.3
2023-04-15,Taylor,2023,4,15,5,0,0,0,0,0,0,1,0,2,6,1,671,105,0,3,66.74000000000001
2023-04-16,Weller,2023,4,16,6,0,0,0,0,0,0,0,1,3,7,2,672,106,1,0,57.74
2023-04-17,Blantons,2023,4,17,0,0,1,0,0,0,0,0,0,0,8,3,673,107,2,1,51.44
2023-04-18,Eagle Rare,2023,4,18,1,0,0,0,1,0,0,0,0,1,9,0,674,108,3,2,52.7
2023-04-19,Taylor,2023,4,19,2,0,0,0,0,0,0,1,0,2,10,1,675,109,0,3,62.24
2023-04-20,Weller,2023,4,20,3,0,0,0,0,0,0,0,1,3,11,2,676,110,1,0,69.25999999999999
2023-04-21,Blantons,2023,4,21,4,0,1,0,0,0,0,0,0,0,12,3,677,111,2,1,62.78
2023-04-22,Taylor,2023,4,22,5,0,0,0,0,0,0,1,0,1,13,4,678,112,0,2,51.44
2023-04-23,Eagle Rare,2023,4,23,6,0,0,0,1,0,0,0,0,2,14,0,679,113,1,3,44.06
2023-04-24,Weller,2023,4,24,0,0,0,0,0,0,0,0,1,3,15,1,680,114,2,0,42.620000000000005
2023-04-25,Blantons,2023,4,25,1,0,1,0,0,0,0,0,0,0,16,2,681,115,3,1,48.92
2023-04-26,Eagle Rare,2023,4,26,2,0,0,0,1,0,0,0,0,1,17,0,682,116,4,2,53.06
2023-04-27,Taylor,2023,4,27,3,0,0,0,0,0,0,1,0,2,18,1,683,117,0,3,58.459999999999994
2023-04-28,Weller,2023,4,28,4,0,0,0,0,0,0,0,1,3,19,2,684,118,1,0,59.0
2023-04-29,Blantons,2023,4,29,5,0,1,0,0,0,0,0,0,0,20,3,685,119,2,1,55.04
2023-04-30,Taylor,2023,4,30,6,0,0,0,0,0,0,1,0,1,21,4,686,120,0,2,52.16
2023-05-01,Weller,2023,5,1,0,0,0,0,0,0,0,0,1,2,22,5,687,121,1,0,50.9
2023-05-02,Blantons,2023,5,2,1,0,1,0,0,0,0,0,0,0,23,6,688,122,2,1,52.52
2023-05-03,Eagle Rare,2023,5,3,2,0,0,0,1,0,0,0,0,1,24,0,689,123,3,2,51.98
2023-05-04,Taylor,2023,5,4,3,0,0,0,0,0,0,1,0,2,25,1,690,124,0,3,52.879999999999995
2023-05-05,Blantons,2023,5,5,4,0,1,0,0,0,0,0,0,0,26,2,691,125,1,4,59.540000000000006
2023-05-06,Blantons,2023,5,6,5,0,1,0,0,0,0,0,0,0,27,3,692,126,2,5,65.12
2023-05-07,Taylor,2023,5,7,6,0,0,0,0,0,0,1,0,1,28,4,693,127,0,6,65.66
2023-05-08,Blantons,2023,5,8,0,0,1,0,0,0,0,0,0,0,29,5,694,128,1,7,65.3
2023-05-09,Eagle Rare,2023,5,9,1,0,0,0,1,0,0,0,0,1,30,0,695,129,2,8,67.82
2023-05-10,Weller,2023,5,10,2,0,0,0,0,0,0,0,1,2,31,1,696,130,3,0,62.959999999999994
2023-05-11,Blantons,2023,5,11,3,0,1,0,0,0,0,0,0,0,32,2,697,131,4,1,66.74000000000001
2023-05-12,Taylor,2023,5,12,4,0,0,0,0,0,0,1,0,1,33,3,698,132,0,2,68.72
2023-05-13,Eagle Rare,2023,5,13,5,0,0,0,1,0,0,0,0,2,34,0,699,133,1,3,72.5
2023-05-14,Weller,2023,5,14,6,0,0,0,0,0,0,0,1,3,35,1,700,134,2,0,72.5
2023-05-15,Taylor,2023,5,15,0,0,0,0,0,0,0,1,0,4,36,2,701,135,0,1,66.74000000000001
2023-05-16,Blantons,2023,5,16,1,0,1,0,0,0,0,0,0,0,37,3,702,136,1,2,62.24
2023-05-17,Weller,2023,5,17,2,0,0,0,0,0,0,0,1,1,38,4,703,137,2,0,62.959999999999994
2023-05-18,Taylor,2023,5,18,3,0,0,0,0,0,0,1,0,2,39,5,704,138,0,1,64.04
2023-05-19,Blantons,2023,5,19,4,0,1,0,0,0,0,0,0,0,40,6,705,139,1,2,68.0
2023-05-20,Weller,2023,5,20,5,0,0,0,0,0,0,0,1,1,41,7,706,140,2,0,65.3
2023-05-21,Eagle Rare,2023,5,21,6,1,0,0,1,0,0,0,1,2,42,0,707,141,3,0,62.059999999999995
2023-05-22,Blantons,2023,5,22,0,0,1,0,0,0,0,0,0,0,43,1,708,142,4,1,64.4
2023-05-23,Weller,2023,5,23,1,0,0,0,0,0,0,0,1,1,44,2,709,143,5,0,68.54
2023-05-24,Taylor,2023,5,24,2,0,0,0,0,0,0,1,0,2,45,3,710,144,0,1,68.72
2023-05-25,Blantons,2023,5,25,3,0,1,0,0,0,0,0,0,0,46,4,711,145,1,2,65.3
2023-05-26,Weller,2023,5,26,4,0,0,0,0,0,0,0,1,1,47,5,712,146,2,0,63.86
2023-05-27,Taylor,2023,5,27,5,0,0,0,0,0,0,1,0,2,48,6,713,147,0,1,62.42
2023-05-28,Blantons,2023,5,28,6,0,1,0,0,0,0,0,0,0,49,7,714,148,1,2,59.9
2023-05-29,Eagle Rare,2023,5,29,0,0,0,0,1,0,0,0,0,1,50,0,715,149,2,3,68.54
2023-05-30,Weller,2023,5,30,1,0,0,0,0,0,0,0,1,2,51,1,716,150,3,0,73.58
2023-05-31,Blantons,2023,5,31,2,0,1,0,0,0,0,0,0,0,52,2,717,151,4,1,74.84
2023-06-01,Taylor,2023,6,1,3,0,0,0,0,0,0,1,0,1,53,3,718,152,0,2,74.84
2023-06-02,Weller,2023,6,2,4,0,0,0,0,0,0,0,1,2,54,4,719,153,1,0,74.3
2023-06-03,Blantons,2023,6,3,5,0,1,0,0,0,0,0,0,0,55,5,720,154,2,1,76.46
2023-06-04,Eagle Rare,2023,6,4,6,0,0,0,1,0,0,0,0,1,56,0,721,155,3,2,74.66
2023-06-05,Weller,2023,6,5,0,0,0,0,0,0,0,0,1,2,57,1,722,156,4,0,73.4
2023-06-06,Taylor,2023,6,6,1,0,0,0,0,0,0,1,0,3,58,2,723,157,0,1,71.24000000000001
2023-06-07,Eagle Rare,2023,6,7,2,0,0,0,1,0,0,0,0,4,59,0,724,158,1,2,65.84
2023-06-08,Blantons,2023,6,8,3,0,1,0,0,0,0,0,0,0,60,1,725,159,2,3,63.14
2023-06-09,Taylor,2023,6,9,4,0,0,0,0,0,0,1,0,1,61,2,726,160,0,4,64.04
2023-06-10,Blantons,2023,6,10,5,0,1,0,0,0,0,0,0,0,62,3,727,161,1,5,66.74000000000001
2023-06-11,Weller,2023,6,11,6,0,0,0,0,0,0,0,1,1,63,4,728,162,2,0,69.8
2023-06-12,Taylor,2023,6,12,0,0,0,0,0,0,0,1,0,2,64,5,729,163,0,1,62.78
2023-06-13,Eagle Rare,2023,6,13,1,0,0,0,1,0,0,0,0,3,65,0,730,164,1,2,64.75999999999999
2023-06-14,Weller,2023,6,14,2,0,0,0,0,0,0,0,1,4,66,1,731,165,2,0,70.52
2023-06-15,Blantons,2023,6,15,3,0,1,0,0,0,0,0,0,0,67,2,732,166,3,1,71.42
2023-06-16,Taylor,2023,6,16,4,0,0,0,0,0,0,1,0,1,68,3,733,167,0,2,68.72
2023-06-17,Weller,2023,6,17,5,0,0,0,0,0,0,0,1,2,69,4,734,168,1,0,66.92
2023-06-18,Blantons,2023,6,18,6,0,1,0,0,0,0,0,0,0,70,5,735,169,2,1,70.52
2023-06-19,Taylor,2023,6,19,0,0,0,0,0,0,0,1,0,1,71,6,736,170,0,2,71.06
2023-06-20,Eagle Rare,2023,6,20,1,0,0,0,1,0,0,0,0,2,72,0,737,171,1,3,73.94
2023-06-21,Blantons,2023,6,21,2,0,1,0,0,0,0,0,0,0,73,1,738,172,2,4,72.14
2023-06-22,Weller,2023,6,22,3,0,0,0,0,0,0,0,1,1,74,2,739,173,3,0,65.66
2023-06-23,Blantons,2023,6,23,4,0,1,0,0,0,0,0,0,0,75,3,740,174,4,1,68.36
2023-06-24,Taylor,2023,6,24,5,0,0,0,0,0,0,1,0,1,76,4,741,175,0,2,75.02
2023-06-25,Weller,2023,6,25,6,0,0,0,0,0,0,0,1,2,77,5,742,176,1,0,72.68
2023-06-26,Blantons,2023,6,26,0,0,1,0,0,0,0,0,0,0,78,6,743,177,2,1,73.04
2023-06-27,Taylor,2023,6,27,1,1,0,0,1,0,0,1,0,1,79,0,744,178,0,2,71.96
2023-06-28,Weller,2023,6,28,2,0,0,0,0,0,0,0,1,2,80,1,745,179,1,0,71.6
2023-06-29,Blantons,2023,6,29,3,0,1,0,0,0,0,0,0,0,81,2,746,180,2,1,70.34
2023-06-30,Taylor,2023,6,30,4,0,0,0,0,0,0,1,0,1,82,3,747,181,0,2,75.56
2023-07-01,Blantons,2023,7,1,5,0,1,0,0,0,0,0,0,0,83,4,748,182,1,3,75.02
2023-07-02,Weller,2023,7,2,6,0,0,0,0,0,0,0,1,1,84,5,749,183,2,0,74.12
2023-07-03,Eagle Rare,2023,7,3,0,0,0,0,1,0,0,0,0,2,85,0,750,184,3,1,75.74000000000001
2023-07-04,Closed,2023,7,4,1,0,0,1,0,0,0,0,0,3,0,1,751,185,4,2,76.28
2023-07-05,Blantons,2023,7,5,2,0,1,0,0,0,0,0,0,0,1,2,752,186,5,3,78.25999999999999
2023-07-06,Taylor,2023,7,6,3,0,0,0,0,0,0,1,0,1,2,3,753,187,0,4,78.98
2023-07-07,Weller,2023,7,7,4,0,0,0,0,0,0,0,1,2,3,4,754,188,1,0,77.18
2023-07-08,Blantons,2023,7,8,5,0,1,0,0,0,0,0,0,0,4,5,755,189,2,1,72.86
2023-07-09,Taylor,2023,7,9,6,0,0,0,0,0,0,1,0,1,5,6,756,190,0,2,72.68
2023-07-10,Weller,2023,7,10,0,0,0,0,0,0,0,0,1,2,6,7,757,191,1,0,71.24000000000001
2023-07-11,Eagle Rare,2023,7,11,1,0,0,0,1,0,0,0,0,3,7,0,758,192,2,1,73.4
2023-07-12,Blantons,2023,7,12,2,0,1,0,0,0,0,0,0,0,8,1,759,193,3,2,75.38
2023-07-13,Weller,2023,7,13,3,0,0,0,0,0,0,0,1,1,9,2,760,194,4,0,79.52
2023-07-14,Taylor,2023,7,14,4,0,0,0,0,0,0,1,0,2,10,3,761,195,0,1,79.52
2023-07-15,Blantons,2023,7,15,5,0,1,0,0,0,0,0,0,0,11,4,762,196,1,2,75.2
2023-07-16,Eagle Rare,2023,7,16,6,0,0,0,1,0,0,0,0,1,12,0,763,197,2,3,75.2
2023-07-17,Weller,2023,7,17,0,0,0,0,0,0,0,0,1,2,13,1,764,198,3,0,75.38
2023-07-18,Blantons,2023,7,18,1,0,1,0,0,0,0,0,0,0,14,2,765,199,4,1,73.22
2023-07-19,Taylor,2023,7,19,2,0,0,0,0,0,0,1,0,1,15,3,766,200,0,2,73.75999999999999
2023-07-20,Weller,2023,7,20,3,0,0,0,0,0,0,0,1,2,16,4,767,201,1,0,77.0
2023-07-21,Blantons,2023,7,21,4,0,1,0,0,0,0,0,0,0,17,5,768,202,2,1,75.2
2023-07-22,Taylor,2023,7,22,5,0,0,0,0,0,0,1,0,1,18,6,769,203,0,2,74.3
2023-07-23,Weller,2023,7,23,6,0,0,0,0,0,0,0,1,2,19,7,770,204,1,0,73.22
2023-07-24,Eagle Rare,2023,7,24,0,0,0,0,1,0,0,0,0,3,20,0,771,205,2,1,74.48
2023-07-25,Taylor,2023,7,25,1,0,0,0,0,0,0,1,0,4,21,1,772,206,0,2,75.2
2023-07-26,Weller,2023,7,26,2,0,0,0,0,0,0,0,1,5,22,2,773,207,1,0,80.42
2023-07-27,Blantons,2023,7,27,3,0,1,0,0,0,0,0,0,0,23,3,774,208,2,1,83.84
2023-07-28,Taylor,2023,7,28,4,0,0,0,0,0,0,1,0,1,24,4,775,209,0,2,83.48
2023-07-29,Weller,2023,7,29,5,0,0,0,0,0,0,0,1,2,25,5,776,210,1,0,82.22
2023-07-30,Blantons,2023,7,30,6,0,1,0,0,0,0,0,0,0,26,6,777,211,2,1,79.16
2023-07-31,Eagle Rare,2023,7,31,0,1,0,0,1,0,0,0,1,1,27,0,778,212,3,0,75.02
2023-08-01,Blantons,2023,8,1,1,0,1,0,0,0,0,0,0,0,28,1,779,213,4,1,71.42
2023-08-02,Weller,2023,8,2,2,0,0,0,0,0,0,0,1,1,29,2,780,214,5,0,70.7
2023-08-03,Taylor,2023,8,3,3,0,0,0,0,0,0,1,0,2,30,3,781,215,0,1,73.22
2023-08-04,Blantons,2023,8,4,4,0,1,0,0,0,0,0,0,0,31,4,782,216,1,2,76.1
2023-08-05,Weller,2023,8,5,5,0,0,0,0,0,0,0,1,1,32,5,783,217,2,0,78.08
2023-08-06,Taylor,2023,8,6,6,0,0,0,0,0,0,1,0,2,33,6,784,218,0,1,78.62
2023-08-07,Blantons,2023,8,7,0,0,1,0,0,0,0,0,0,0,34,7,785,219,1,2,75.74000000000001
2023-08-08,Eagle Rare,2023,8,8,1,0,0,0,1,0,0,0,0,1,35,0,786,220,2,3,72.32
2023-08-09,Taylor,2023,8,9,2,0,0,0,0,0,0,1,0,2,36,1,787,221,0,4,73.04
2023-08-10,Blantons,2023,8,10,3,0,1,0,0,0,0,0,0,0,37,2,788,222,1,5,73.58
2023-08-11,Weller,2023,8,11,4,0,0,0,0,0,0,0,1,1,38,3,789,223,2,0,75.2
2023-08-12,Blantons,2023,8,12,5,0,1,0,0,0,0,0,0,0,39,4,790,224,3,1,77.18
2023-08-13,Taylor,2023,8,13,6,0,0,0,0,0,0,1,0,1,40,5,791,225,0,2,79.52
2023-08-14,Weller,2023,8,14,0,0,0,0,0,0,0,0,1,2,41,6,792,226,1,0,75.92
2023-08-15,Taylor,2023,8,15,1,0,0,0,0,0,0,1,0,3,42,7,793,227,0,1,69.8
2023-08-16,Blantons,2023,8,16,2,0,1,0,0,0,0,0,0,0,43,8,794,228,1,2,70.7
2023-08-17,Eagle Rare,2023,8,17,3,0,0,0,1,0,0,0,0,1,44,0,795,229,2,3,70.88
2023-08-18,Weller,2023,8,18,4,0,0,0,0,0,0,0,1,2,45,1,796,230,3,0,70.34
2023-08-19,Blantons,2023,8,19,5,0,1,0,0,0,0,0,0,0,46,2,797,231,4,1,69.98
2023-08-20,Taylor,2023,8,20,6,0,0,0,0,0,0,1,0,1,47,3,798,232,0,2,77.18
2023-08-21,Eagle Rare,2023,8,21,0,0,0,0,1,0,0,0,0,2,48,0,799,233,1,3,80.78
2023-08-22,Weller,2023,8,22,1,0,0,0,0,0,0,0,1,3,49,1,800,234,2,0,81.68
2023-08-23,Blantons,2023,8,23,2,0,1,0,0,0,0,0,0,0,50,2,801,235,3,1,79.34
2023-08-24,Taylor,2023,8,24,3,0,0,0,0,0,0,1,0,1,51,3,802,236,0,2,80.42
2023-08-25,Blantons,2023,8,25,4,0,1,0,0,0,0,0,0,0,52,4,803,237,1,3,82.58
2023-08-26,Weller,2023,8,26,5,0,0,0,0,0,0,0,1,1,53,5,804,238,2,0,77.36
2023-08-27,Taylor,2023,8,27,6,0,0,0,0,0,0,1,0,2,54,6,805,239,0,1,74.3
2023-08-28,Blantons,2023,8,28,0,0,1,0,0,0,0,0,0,0,55,7,806,240,1,2,74.12
2023-08-29,Eagle Rare,2023,8,29,1,0,0,0,1,0,0,0,0,1,56,0,807,241,2,3,71.96
2023-08-30,Weller,2023,8,30,2,0,0,0,0,0,0,0,1,2,57,1,808,242,3,0,68.72
2023-08-31,Blantons,2023,8,31,3,0,1,0,0,0,0,0,0,0,58,2,809,243,4,1,66.2
2023-09-01,Taylor,2023,9,1,4,0,0,0,0,0,0,1,0,1,59,3,810,244,0,2,70.88
2023-09-02,Weller,2023,9,2,5,0,0,0,0,0,0,0,1,2,60,4,811,245,1,0,76.64
2023-09-03,Blantons,2023,9,3,6,0,1,0,0,0,0,0,0,0,61,5,812,246,2,1,77.0
2023-09-04,Weller,2023,9,4,0,0,0,0,0,0,0,0,1,1,62,6,813,247,3,0,77.72
2023-09-05,Taylor,2023,9,5,1,0,0,0,0,0,0,1,0,2,63,7,814,248,0,1,79.34
2023-09-06,Taylor,2023,9,6,2,0,0,0,0,0,0,1,0,3,64,8,815,249,0,2,74.48
2023-09-07,Weller,2023,9,7,3,0,0,0,0,0,0,0,1,4,65,9,816,250,1,0,70.88
2023-09-08,Blantons,2023,9,8,4,0,1,0,0,0,0,0,0,0,66,10,817,251,2,1,71.24000000000001
2023-09-09,Taylor,2023,9,9,5,0,0,0,0,0,0,1,0,1,67,11,818,252,0,2,69.62
2023-09-10,Weller,2023,9,10,6,0,0,0,0,0,0,0,1,2,68,12,819,253,1,0,70.16
2023-09-11,Eagle Rare,2023,9,11,0,0,0,0,1,0,0,0,0,3,69,0,820,254,2,1,71.96
2023-09-12,Taylor,2023,9,12,1,0,0,0,0,0,0,1,0,4,70,1,821,255,0,2,67.64
2021-01-03,Weller,2021,1,3,6,1,0,0,0,1,0,0,1,3,2,4,0,34,5,0,39.02
2021-01-04,Blantons,2021,1,4,0,1,1,0,0,0,0,0,1,0,3,5,1,35,6,0,36.68
2021-01-05,Weller,2021,1,5,1,1,1,0,0,0,0,0,1,0,4,6,2,36,7,0,36.5
2021-01-08,Eagle Rare,2021,1,8,4,1,0,0,1,0,0,0,1,3,7,0,5,39,1,0,32.9
2021-01-18,Eagle Rare,2021,1,18,0,1,0,0,1,0,0,0,1,1,17,0,15,49,2,0,32.54
2021-03-21,Eagle Rare,2021,3,21,6,1,1,0,1,0,0,0,0,0,14,0,77,111,2,3,48.02
2021-04-08,Taylor,2021,4,8,3,1,0,0,1,0,0,1,0,1,4,0,95,129,0,2,64.75999999999999
2021-04-30,Blantons,2021,4,30,4,1,1,0,0,0,0,1,0,0,26,3,117,151,0,1,61.7
2021-05-23,Eagle Rare,2021,5,23,6,1,0,0,1,0,0,1,0,1,49,0,21,174,0,3,74.3
2021-07-18,Weller,2021,7,18,6,1,0,0,1,0,0,0,1,3,105,0,35,230,1,0,75.02
2021-07-25,Weller,2021,7,25,6,1,0,0,1,0,0,0,1,4,112,0,42,237,3,0,80.96
2021-08-13,Eagle Rare,2021,8,13,4,1,1,0,1,0,0,0,0,0,131,0,61,256,1,2,79.52
2021-08-22,Weller,2021,8,22,6,1,1,0,0,0,0,0,1,0,140,2,70,265,1,0,79.34
2021-09-18,Weller,2021,9,18,5,1,0,0,0,0,0,1,1,3,167,1,97,292,0,0,76.82
2021-09-22,Weller,2021,9,22,2,1,0,0,1,0,0,0,1,2,171,0,101,296,4,0,61.7
2021-10-02,Eagle Rare,2021,10,2,5,1,0,0,1,0,0,1,0,3,181,0,111,306,0,6,68.0
2021-10-31,Sazerac,2021,10,31,6,1,0,0,1,0,1,0,0,1,210,0,140,0,3,2,55.22
2021-12-27,Eagle Rare,2021,12,27,0,1,1,0,1,0,0,0,0,0,2,0,197,1,3,4,62.6
2022-01-14,Weller,2022,1,14,4,1,0,0,0,0,0,1,1,1,13,3,215,2,0,0,34.16
2022-02-06,Sazerac,2022,2,6,6,1,1,0,0,0,1,0,0,0,2,4,238,0,1,3,27.86
2022-10-23,Sazerac,2022,10,23,6,1,0,0,1,0,1,0,0,1,111,0,497,0,3,2,64.22
2022-11-04,Sazerac,2022,11,4,4,1,1,0,0,0,1,0,0,0,123,1,509,0,4,3,62.959999999999994
2022-11-05,Sazerac,2022,11,5,5,1,0,0,0,0,1,1,0,1,124,2,510,0,0,4,68.54
2022-11-07,Sazerac,2022,11,7,0,1,0,0,1,0,1,0,0,3,126,0,512,0,2,1,58.1
2022-11-08,Sazerac,2022,11,8,1,1,0,0,0,0,1,0,1,4,127,1,513,0,3,0,55.4
2022-11-09,Sazerac,2022,11,9,2,1,1,0,0,0,1,0,0,0,128,2,514,0,4,1,57.02
2022-11-10,Sazerac,2022,11,10,3,1,0,0,1,0,1,0,0,1,129,0,515,0,5,2,59.36
2022-11-11,Sazerac,2022,11,11,4,1,0,0,0,0,1,1,0,2,130,1,516,0,0,3,58.64
2022-11-12,Sazerac,2022,11,12,5,1,1,0,0,0,1,0,0,0,131,2,517,0,1,4,35.96
2022-11-13,Sazerac,2022,11,13,6,1,0,0,0,0,1,0,1,1,132,3,518,0,2,0,33.44
2022-11-14,Sazerac,2022,11,14,0,1,0,0,0,0,1,1,0,2,133,4,519,0,0,1,36.86
2022-11-15,Sazerac,2022,11,15,1,1,0,0,0,0,1,0,1,3,134,5,520,0,1,0,39.92
2022-11-16,Sazerac,2022,11,16,2,1,0,0,1,0,1,0,0,4,135,0,521,0,2,1,36.86
2022-11-17,Sazerac,2022,11,17,3,1,1,0,0,0,1,0,0,0,136,1,522,0,3,2,29.3
2022-11-18,Sazerac,2022,11,18,4,1,0,0,0,0,1,0,1,1,137,2,523,0,4,0,30.56
2022-11-19,Sazerac,2022,11,19,5,1,0,0,1,0,1,0,0,2,138,0,524,0,5,1,27.86
2022-11-20,Sazerac,2022,11,20,6,1,0,0,0,0,1,1,0,3,139,1,525,0,0,2,26.060000000000002
2022-11-21,Sazerac,2022,11,21,0,1,0,0,0,0,1,0,1,4,140,2,526,0,1,0,31.28
2022-11-22,Sazerac,2022,11,22,1,1,0,0,0,0,1,1,0,5,141,3,527,0,0,1,36.68
2022-11-23,Sazerac,2022,11,23,2,1,0,0,1,0,1,0,0,6,142,0,528,0,1,2,39.56
2022-11-25,Sazerac,2022,11,25,4,1,1,0,0,0,1,0,0,0,1,2,530,0,3,4,49.82
2022-11-26,Sazerac,2022,11,26,5,1,0,0,0,0,1,1,0,1,2,3,531,0,0,5,42.44
2022-11-27,Sazerac,2022,11,27,6,1,0,0,0,0,1,0,1,2,3,4,532,0,1,0,51.98
2022-11-28,Sazerac,2022,11,28,0,1,1,0,0,0,1,0,0,0,4,5,533,0,2,1,45.86
2022-11-29,Sazerac,2022,11,29,1,1,0,0,0,0,1,0,1,1,5,6,534,0,3,0,53.24
2022-11-30,Sazerac,2022,11,30,2,1,0,0,0,0,1,1,0,2,6,7,535,0,0,1,41.72
2022-12-01,Sazerac,2022,12,1,3,1,0,0,1,0,1,0,0,3,7,0,536,0,1,2,30.56
2022-12-02,Sazerac,2022,12,2,4,1,1,0,0,0,1,0,0,0,8,1,537,0,2,3,45.14
2022-12-03,Sazerac,2022,12,3,5,1,0,0,0,0,1,0,1,1,9,2,538,0,3,0,48.74
2022-12-04,Sazerac,2022,12,4,6,1,0,0,0,0,1,1,0,2,10,3,539,0,0,1,31.1
2022-12-05,Weller,2022,12,5,0,1,1,0,0,0,1,0,1,0,11,4,540,0,1,0,35.96
2022-12-06,Sazerac,2022,12,6,1,1,0,0,0,0,1,0,1,1,12,5,541,0,2,0,54.86
2022-12-07,Sazerac,2022,12,7,2,1,0,0,0,0,1,1,0,2,13,6,542,0,0,1,57.02
2022-12-08,Sazerac,2022,12,8,3,1,1,0,0,0,1,0,0,0,14,7,543,0,1,2,48.74
2022-12-09,Sazerac,2022,12,9,4,1,0,0,1,0,1,0,0,1,15,0,544,0,2,3,48.02
2022-12-10,Sazerac,2022,12,10,5,1,0,0,0,0,1,0,1,2,16,1,545,0,3,0,45.5
2022-12-11,Sazerac,2022,12,11,6,1,1,0,0,0,1,0,0,0,17,2,546,0,4,1,45.14
2022-12-12,Sazerac,2022,12,12,0,1,0,0,0,0,1,0,1,1,18,3,547,0,5,0,41.36
2022-12-13,Sazerac,2022,12,13,1,1,0,0,0,0,1,1,0,2,19,4,548,0,0,1,40.28
2022-12-14,Weller,2022,12,14,2,1,1,0,0,0,1,0,1,0,20,5,549,0,1,0,49.64
2022-12-15,Sazerac,2022,12,15,3,1,0,0,0,0,1,0,1,1,21,6,550,0,2,0,46.04
2022-12-16,Sazerac,2022,12,16,4,1,1,0,0,0,1,0,0,0,22,7,551,0,3,1,38.48
2022-12-17,Sazerac,2022,12,17,5,1,0,0,1,0,1,0,0,1,23,0,552,0,4,2,32.9
2022-12-18,Sazerac,2022,12,18,6,1,0,0,0,0,1,0,1,2,24,1,553,0,5,0,29.48
2022-12-19,Sazerac,2022,12,19,0,1,0,0,1,0,1,0,0,3,25,0,554,0,6,1,27.32
2022-12-20,Sazerac,2022,12,20,1,1,1,0,0,0,1,0,0,0,26,1,555,0,7,2,34.7
2022-12-21,Sazerac,2022,12,21,2,1,0,0,0,0,1,0,1,1,27,2,556,0,8,0,33.26
2022-12-22,Sazerac,2022,12,22,3,1,0,0,0,0,1,1,0,2,28,3,557,0,0,1,42.8
2022-12-24,Sazerac,2022,12,24,5,1,1,0,0,0,1,0,0,0,1,5,559,0,2,3,8.600000000000001
2022-12-26,Sazerac,2022,12,26,0,1,0,0,1,0,1,0,0,2,1,0,561,0,4,5,21.74
2022-12-27,Sazerac,2022,12,27,1,1,0,0,0,0,1,0,1,3,2,1,562,0,5,0,29.48
2022-12-28,Sazerac,2022,12,28,2,1,1,0,0,0,1,0,0,0,3,2,563,0,6,1,37.04
2022-12-29,Sazerac,2022,12,29,3,1,0,0,1,0,1,0,0,1,4,0,564,0,7,2,55.76
2022-12-30,Sazerac,2022,12,30,4,1,0,0,0,0,1,0,1,2,5,1,565,0,8,0,59.540000000000006
2022-12-31,Sazerac,2022,12,31,5,1,1,0,0,0,1,0,0,0,6,2,566,0,9,1,53.24
2023-05-21,Weller,2023,5,21,6,1,0,0,1,0,0,0,1,2,42,0,707,141,3,0,62.059999999999995
2023-06-27,Eagle Rare,2023,6,27,1,1,0,0,1,0,0,1,0,1,79,0,744,178,0,2,71.96
2023-07-31,Weller,2023,7,31,0,1,0,0,1,0,0,0,1,1,27,0,778,212,3,0,75.02
2022-12-05,Sazerac,2022,12,5,0,1,1,0,0,0,1,0,1,0,11,4,540,0,1,0,35.96
2022-12-14,Sazerac,2022,12,14,2,1,1,0,0,0,1,0,1,0,20,5,549,0,1,0,49.64
2022-12-05,Sazerac,2022,12,5,0,1,1,0,0,0,1,0,1,0,11,4,540,0,1,0,35.96
2022-12-14,Sazerac,2022,12,14,2,1,1,0,0,0,1,0,1,0,20,5,549,0,1,0,49.64
